activityType,hintsUsed,attemptCount,timeSpentSeconds,conceptUnderstanding,decisionMaking,boundaryConditions,codingImplementation,hintDependency,testCasesTotal,testCasesPassed,executionStatus,success,score,accuracy
debugging,3,5,136,,,35.29,31.05,48.32,14.0,4.0,error,False,,
coding,4,2,221,,,60.16,43.67,65.37,9.0,6.0,fail,False,,
debugging,1,4,217,,,23.59,29.83,10.08,7.0,3.0,fail,False,,
battle,2,5,196,7.28,37.3,,,32.49,,,,,21.87,0.21
coding,4,2,121,,,13.87,10.06,52.85,12.0,2.0,error,False,,
interview,3,2,83,64.58,,,,47.73,,,,,56.53,0.64
interview,5,4,219,49.45,,,,76.2,,,,,42.7,0.46
coding,0,4,217,,,21.49,17.36,0.0,13.0,5.0,fail,False,,
interview,2,3,110,74.67,,,,36.51,,,,,70.89,0.68
coding,0,4,164,,,26.15,6.26,0.0,5.0,1.0,error,False,,
debugging,3,6,64,,,29.46,33.49,36.63,5.0,2.0,fail,False,,
coding,2,1,236,,,12.43,0.07,27.21,7.0,1.0,error,False,,
interview,3,6,260,47.21,,,,52.3,,,,,52.89,0.53
coding,1,5,91,,,10.39,14.55,11.49,13.0,3.0,error,False,,
interview,5,6,157,34.46,,,,70.09,,,,,35.77,0.38
interview,4,1,288,48.37,,,,60.04,,,,,47.76,0.53
debugging,1,4,181,,,70.33,84.3,13.87,12.0,9.0,pass,True,,
interview,3,6,142,29.7,,,,44.48,,,,,33.42,0.32
interview,0,1,155,38.6,,,,0.0,,,,,29.95,0.32
debugging,0,6,127,,,48.59,38.8,5.26,10.0,5.0,fail,False,,
battle,3,3,288,26.93,35.21,,,56.95,,,,,20.31,0.21
interview,0,1,157,70.25,,,,0.0,,,,,62.5,0.61
coding,5,2,128,,,67.05,90.06,81.11,11.0,8.0,pass,True,,
interview,0,2,283,56.13,,,,0.0,,,,,47.71,0.48
debugging,3,6,149,,,74.83,61.52,50.98,13.0,9.0,fail,False,,
interview,4,1,190,17.55,,,,63.32,,,,,20.35,0.21
interview,2,1,157,50.72,,,,22.21,,,,,56.87,0.65
coding,5,6,259,,,85.61,93.77,69.6,7.0,6.0,pass,True,,
coding,0,4,176,,,74.78,73.52,10.36,5.0,4.0,pass,True,,
coding,2,4,262,,,83.31,91.71,28.3,9.0,8.0,pass,True,,
debugging,3,1,145,,,22.12,9.23,39.07,11.0,4.0,fail,False,,
coding,5,2,203,,,21.97,33.06,73.12,12.0,4.0,fail,False,,
debugging,2,2,133,,,40.1,29.06,37.58,11.0,4.0,fail,False,,
battle,4,4,65,89.7,77.76,,,63.6,,,,,82.19,0.84
interview,2,4,244,41.71,,,,21.6,,,,,33.91,0.32
coding,1,2,209,,,70.48,86.35,1.06,12.0,9.0,pass,True,,
interview,5,5,76,61.23,,,,66.1,,,,,66.67,0.76
coding,1,5,146,,,38.33,32.92,1.07,11.0,5.0,fail,False,,
coding,0,2,125,,,85.33,96.06,12.36,12.0,11.0,pass,True,,
interview,4,6,276,18.53,,,,75.71,,,,,22.94,0.24
debugging,0,6,267,,,18.66,25.18,0.0,8.0,2.0,error,False,,
coding,5,5,52,,,61.53,53.14,72.73,14.0,9.0,fail,False,,
battle,4,4,45,25.86,42.73,,,60.07,,,,,25.09,0.26
debugging,3,4,207,,,65.72,87.96,37.76,7.0,5.0,pass,True,,
interview,1,3,73,36.29,,,,18.13,,,,,37.43,0.42
coding,2,1,119,,,37.13,43.97,29.22,12.0,6.0,fail,False,,
debugging,0,4,143,,,47.15,35.36,6.3,8.0,4.0,fail,False,,
battle,0,3,206,77.09,54.04,,,3.46,,,,,68.76,0.79
debugging,5,5,297,,,31.54,31.35,85.87,13.0,5.0,fail,False,,
interview,0,6,216,28.4,,,,0.0,,,,,24.1,0.28
debugging,3,3,173,,,27.86,30.56,44.13,9.0,2.0,error,False,,
battle,3,5,180,98.34,69.51,,,42.6,,,,,98.71,0.94
debugging,1,4,38,,,77.53,90.42,26.73,14.0,12.0,pass,True,,
coding,4,2,151,,,72.77,82.86,60.31,10.0,9.0,pass,True,,
interview,0,1,161,31.4,,,,0.0,,,,,47.62,0.48
debugging,2,2,48,,,45.07,27.74,27.54,11.0,6.0,fail,False,,
coding,1,4,30,,,46.87,37.14,7.27,13.0,6.0,fail,False,,
coding,4,6,87,,,25.91,8.09,57.19,9.0,2.0,error,False,,
battle,1,1,43,90.95,76.89,,,8.72,,,,,81.58,0.79
battle,1,4,193,49.52,52.33,,,13.36,,,,,52.57,0.57
battle,3,3,174,53.75,60.85,,,40.48,,,,,61.69,0.68
battle,0,2,39,100.0,84.22,,,4.54,,,,,96.81,0.95
interview,0,3,92,57.5,,,,8.07,,,,,56.53,0.66
battle,2,1,35,94.68,95.24,,,32.4,,,,,82.6,0.8
coding,1,3,174,,,40.42,42.64,19.21,9.0,5.0,fail,False,,
battle,1,4,124,56.52,66.4,,,17.33,,,,,61.9,0.62
coding,3,5,251,,,37.12,38.49,45.47,13.0,8.0,fail,False,,
battle,4,6,95,68.22,50.31,,,61.42,,,,,67.09,0.69
coding,3,1,195,,,83.4,76.34,45.81,5.0,4.0,pass,True,,
debugging,0,5,167,,,50.57,34.96,0.0,8.0,4.0,fail,False,,
battle,5,3,72,28.86,57.42,,,77.82,,,,,33.92,0.39
interview,0,3,224,63.96,,,,3.27,,,,,60.98,0.68
battle,4,2,121,61.98,72.18,,,58.35,,,,,61.14,0.64
battle,5,2,102,27.5,63.51,,,72.99,,,,,25.91,0.27
debugging,4,1,55,,,52.75,30.23,61.25,12.0,7.0,fail,False,,
interview,1,5,183,25.6,,,,24.57,,,,,20.65,0.23
coding,2,4,256,,,20.42,10.04,32.18,7.0,2.0,error,False,,
coding,0,1,260,,,70.03,100.0,0.53,13.0,11.0,pass,True,,
debugging,0,5,175,,,66.91,47.52,6.17,8.0,5.0,fail,False,,
battle,3,3,71,60.71,60.51,,,38.87,,,,,69.1,0.72
coding,4,6,99,,,54.67,39.2,63.94,11.0,6.0,fail,False,,
debugging,5,6,123,,,62.39,71.62,78.51,13.0,10.0,pass,True,,
battle,3,5,147,74.16,72.6,,,63.32,,,,,68.41,0.77
battle,1,6,67,59.09,52.14,,,7.03,,,,,55.95,0.58
coding,4,2,201,,,25.79,28.66,57.15,6.0,2.0,fail,False,,
battle,0,1,294,67.86,54.46,,,0.0,,,,,48.7,0.53
interview,2,3,30,76.78,,,,30.63,,,,,76.51,0.79
battle,4,6,242,38.31,31.43,,,60.8,,,,,31.32,0.35
battle,4,2,118,91.61,78.44,,,56.49,,,,,79.41,0.77
debugging,0,1,174,,,30.77,28.38,15.46,5.0,2.0,fail,False,,
interview,2,3,227,47.35,,,,31.16,,,,,41.08,0.47
debugging,4,1,260,,,31.61,23.7,65.8,11.0,3.0,error,False,,
battle,2,2,147,89.23,72.74,,,23.64,,,,,74.74,0.86
battle,4,4,202,83.44,54.47,,,66.09,,,,,72.39,0.76
debugging,5,2,67,,,49.58,34.61,66.29,10.0,5.0,fail,False,,
interview,1,5,133,22.67,,,,32.12,,,,,21.97,0.21
interview,3,4,162,34.63,,,,46.52,,,,,31.08,0.32
coding,0,6,80,,,81.7,90.7,1.29,10.0,9.0,pass,True,,
coding,5,4,211,,,82.21,100.0,71.71,11.0,10.0,pass,True,,
interview,4,1,166,58.67,,,,64.31,,,,,59.61,0.68
interview,0,2,104,65.3,,,,0.0,,,,,60.44,0.58
interview,2,3,280,55.58,,,,28.28,,,,,55.91,0.6
interview,0,1,92,30.93,,,,0.0,,,,,35.28,0.37
battle,3,1,206,60.49,56.65,,,52.75,,,,,55.7,0.63
coding,2,3,240,,,35.99,6.25,22.17,5.0,1.0,error,False,,
coding,0,6,204,,,49.65,19.76,17.01,5.0,2.0,fail,False,,
battle,4,3,295,38.68,39.88,,,61.43,,,,,40.78,0.42
interview,1,5,37,12.0,,,,20.05,,,,,18.79,0.22
debugging,4,3,80,,,79.99,88.42,51.45,6.0,5.0,pass,True,,
coding,2,4,194,,,31.15,18.83,30.43,10.0,3.0,error,False,,
debugging,1,1,180,,,81.09,84.67,17.31,6.0,5.0,pass,True,,
coding,1,3,148,,,64.98,28.56,22.34,8.0,5.0,fail,False,,
coding,4,4,110,,,81.36,84.73,59.74,11.0,9.0,pass,True,,
coding,0,2,266,,,35.81,25.64,0.0,13.0,5.0,fail,False,,
interview,1,2,58,16.45,,,,11.22,,,,,22.18,0.21
battle,1,4,70,60.77,68.78,,,17.86,,,,,73.26,0.72
interview,4,1,202,80.51,,,,66.88,,,,,81.03,0.87
coding,3,6,222,,,11.28,18.45,55.18,7.0,1.0,error,False,,
interview,0,3,261,93.16,,,,0.0,,,,,75.82,0.73
battle,0,2,65,89.18,78.77,,,0.0,,,,,89.01,0.87
battle,0,1,158,48.37,62.88,,,16.09,,,,,58.9,0.6
debugging,1,5,137,,,21.51,18.57,7.39,6.0,1.0,error,False,,
battle,4,1,86,59.99,69.34,,,55.84,,,,,49.39,0.56
interview,4,1,244,100.0,,,,65.86,,,,,100.0,0.98
interview,2,2,55,23.51,,,,35.73,,,,,22.48,0.23
battle,2,2,244,29.21,54.07,,,34.6,,,,,22.95,0.24
coding,2,4,217,,,57.29,97.42,32.38,6.0,5.0,pass,True,,
debugging,3,1,33,,,52.3,42.07,40.45,6.0,3.0,fail,False,,
coding,2,2,63,,,29.03,17.89,28.63,11.0,3.0,error,False,,
debugging,5,4,58,,,59.87,27.65,71.38,9.0,5.0,fail,False,,
battle,1,6,94,27.19,35.25,,,18.97,,,,,34.1,0.39
interview,1,6,182,20.05,,,,18.22,,,,,20.58,0.24
battle,3,4,216,86.31,82.53,,,43.84,,,,,93.85,0.9
battle,3,4,88,56.91,52.27,,,40.35,,,,,53.04,0.52
coding,1,3,255,,,69.99,81.53,12.09,14.0,11.0,pass,True,,
debugging,0,1,128,,,76.14,83.04,0.0,8.0,7.0,pass,True,,
coding,1,6,174,,,51.36,26.28,17.41,10.0,6.0,fail,False,,
debugging,3,5,166,,,79.14,92.34,38.85,7.0,6.0,pass,True,,
interview,0,5,255,31.85,,,,0.0,,,,,40.56,0.41
coding,1,6,66,,,72.57,98.57,19.86,9.0,8.0,pass,True,,
debugging,1,3,266,,,76.13,93.76,15.25,5.0,4.0,pass,True,,
battle,2,3,198,83.13,66.71,,,21.82,,,,,82.24,0.94
battle,2,5,278,19.92,18.8,,,34.16,,,,,22.68,0.22
coding,1,4,287,,,33.49,17.35,15.2,11.0,3.0,error,False,,
battle,0,2,217,18.13,34.0,,,0.0,,,,,21.01,0.21
debugging,1,1,253,,,27.75,16.78,12.54,9.0,2.0,error,False,,
coding,3,3,221,,,70.36,98.93,47.86,5.0,4.0,pass,True,,
coding,1,3,239,,,12.68,9.58,17.57,11.0,2.0,error,False,,
interview,2,3,87,23.41,,,,37.89,,,,,17.71,0.2
debugging,4,1,68,,,79.47,83.81,59.66,11.0,9.0,pass,True,,
debugging,5,4,51,,,61.7,35.99,78.02,9.0,6.0,fail,False,,
debugging,2,1,87,,,18.24,31.11,25.16,10.0,3.0,error,False,,
debugging,3,3,101,,,16.63,26.94,42.07,9.0,2.0,error,False,,
debugging,2,5,210,,,91.24,97.61,12.63,12.0,11.0,pass,True,,
battle,5,6,265,24.74,20.47,,,77.56,,,,,33.56,0.38
coding,2,5,238,,,38.44,46.33,38.08,12.0,6.0,fail,False,,
debugging,5,3,246,,,70.85,78.16,77.6,12.0,9.0,pass,True,,
interview,0,6,189,16.51,,,,3.06,,,,,20.32,0.21
interview,1,4,31,54.04,,,,6.97,,,,,64.4,0.63
coding,1,6,151,,,75.71,86.42,7.25,6.0,5.0,pass,True,,
interview,2,5,152,73.31,,,,30.42,,,,,78.58,0.77
coding,3,6,113,,,61.71,96.0,52.35,11.0,8.0,pass,True,,
coding,1,3,156,,,39.49,18.32,23.21,13.0,4.0,fail,False,,
interview,3,5,54,96.18,,,,42.76,,,,,89.97,0.98
interview,4,5,212,40.71,,,,63.54,,,,,51.51,0.59
debugging,2,5,122,,,46.5,40.98,20.59,11.0,6.0,fail,False,,
battle,3,5,33,100.0,71.65,,,49.53,,,,,79.11,0.79
debugging,0,4,279,,,72.47,50.87,0.0,6.0,4.0,fail,False,,
debugging,2,2,275,,,61.07,45.44,37.93,7.0,4.0,fail,False,,
debugging,1,4,269,,,38.93,23.15,26.62,6.0,2.0,fail,False,,
coding,5,4,140,,,47.7,42.76,83.21,12.0,7.0,fail,False,,
battle,2,1,57,37.4,54.72,,,35.65,,,,,46.23,0.46
debugging,5,6,109,,,38.79,37.97,73.09,14.0,7.0,fail,False,,
battle,3,3,30,40.49,65.9,,,39.81,,,,,48.89,0.5
battle,0,4,185,83.81,68.15,,,0.0,,,,,85.72,0.89
coding,1,1,49,,,35.23,28.67,16.04,7.0,3.0,fail,False,,
battle,2,6,41,33.6,44.77,,,33.14,,,,,33.38,0.32
battle,2,2,180,80.01,69.67,,,23.43,,,,,77.12,0.74
interview,5,5,115,39.63,,,,70.45,,,,,39.71,0.4
coding,1,2,174,,,74.0,90.47,16.38,14.0,12.0,pass,True,,
interview,0,6,30,42.9,,,,4.47,,,,,50.49,0.52
coding,5,4,221,,,19.0,11.92,82.04,13.0,3.0,error,False,,
coding,4,6,161,,,50.53,32.26,57.71,10.0,5.0,fail,False,,
battle,5,6,118,57.27,61.05,,,82.76,,,,,66.22,0.69
battle,0,1,131,33.1,61.33,,,0.0,,,,,25.1,0.26
coding,0,3,114,,,88.88,93.63,0.41,10.0,9.0,pass,True,,
debugging,3,4,72,,,71.87,90.02,36.73,11.0,9.0,pass,True,,
debugging,2,4,170,,,31.79,19.33,24.72,8.0,3.0,fail,False,,
debugging,3,3,165,,,50.93,51.59,37.27,14.0,9.0,fail,False,,
interview,1,1,292,65.57,,,,8.22,,,,,61.51,0.62
interview,0,2,65,80.36,,,,0.0,,,,,78.84,0.85
battle,1,3,170,88.69,76.73,,,23.44,,,,,81.27,0.91
coding,0,5,199,,,56.17,85.13,0.0,12.0,9.0,pass,True,,
interview,1,3,129,21.43,,,,27.74,,,,,26.95,0.28
battle,1,5,204,54.07,43.48,,,18.52,,,,,55.35,0.58
debugging,3,3,167,,,40.92,50.37,38.44,13.0,6.0,fail,False,,
coding,2,5,175,,,52.06,83.64,19.95,11.0,8.0,pass,True,,
coding,1,5,65,,,48.58,57.73,23.43,12.0,8.0,fail,False,,
battle,2,6,225,67.06,40.77,,,38.67,,,,,63.56,0.74
interview,1,3,87,57.9,,,,20.77,,,,,45.89,0.47
coding,3,6,65,,,23.07,27.74,47.93,9.0,3.0,fail,False,,
interview,1,6,187,45.17,,,,26.08,,,,,46.99,0.48
interview,2,6,266,73.44,,,,24.73,,,,,64.04,0.74
coding,1,1,67,,,42.15,26.46,12.96,6.0,3.0,fail,False,,
battle,2,3,209,45.75,56.27,,,24.97,,,,,44.01,0.42
interview,4,4,41,99.68,,,,56.93,,,,,92.37,0.9
coding,2,4,43,,,9.71,16.65,28.78,6.0,1.0,error,False,,
coding,0,5,193,,,49.45,45.71,0.84,5.0,3.0,fail,False,,
debugging,2,1,54,,,12.46,11.33,24.4,9.0,1.0,error,False,,
interview,3,5,60,60.22,,,,45.38,,,,,56.73,0.6
battle,2,6,159,62.89,53.37,,,24.45,,,,,63.4,0.72
debugging,1,5,85,,,15.51,18.97,10.81,13.0,4.0,fail,False,,
debugging,3,1,289,,,81.81,99.58,40.05,8.0,7.0,pass,True,,
interview,4,4,153,85.02,,,,63.29,,,,,77.61,0.83
interview,4,3,36,51.56,,,,46.39,,,,,31.67,0.34
battle,5,2,91,40.72,57.89,,,72.26,,,,,40.87,0.41
battle,4,5,271,56.75,43.77,,,52.17,,,,,62.59,0.7
debugging,4,4,285,,,72.22,96.38,59.81,8.0,7.0,pass,True,,
debugging,0,5,71,,,83.26,93.39,0.0,9.0,8.0,pass,True,,
coding,3,5,126,,,71.9,82.84,44.38,11.0,8.0,pass,True,,
debugging,0,4,202,,,12.65,11.81,5.6,7.0,1.0,error,False,,
interview,4,1,116,24.72,,,,57.44,,,,,21.91,0.26
battle,3,5,261,41.29,31.26,,,35.57,,,,,48.21,0.48
debugging,1,5,290,,,78.97,80.7,18.76,10.0,8.0,pass,True,,
battle,0,2,78,19.91,57.11,,,0.0,,,,,26.61,0.26
coding,4,4,169,,,28.32,17.31,59.63,12.0,3.0,error,False,,
interview,3,2,40,50.29,,,,39.2,,,,,48.08,0.5
coding,0,2,242,,,68.3,48.02,0.0,5.0,3.0,fail,False,,
debugging,0,4,262,,,62.61,57.86,0.0,6.0,4.0,fail,False,,
debugging,3,3,285,,,54.21,38.22,47.28,10.0,6.0,fail,False,,
battle,3,3,79,39.64,57.54,,,47.2,,,,,35.27,0.37
debugging,4,5,213,,,67.16,83.21,53.99,11.0,8.0,pass,True,,
interview,4,2,215,18.03,,,,66.3,,,,,18.66,0.21
coding,1,3,39,,,61.63,87.56,9.05,9.0,7.0,pass,True,,
battle,4,1,115,81.87,87.83,,,61.62,,,,,73.81,0.87
interview,2,3,252,57.21,,,,35.58,,,,,45.57,0.44
interview,5,3,183,38.56,,,,72.2,,,,,47.86,0.51
battle,4,4,148,84.02,72.83,,,68.84,,,,,85.63,0.9
coding,3,4,283,,,23.34,19.95,62.59,7.0,2.0,error,False,,
coding,2,6,181,,,64.9,90.34,39.19,14.0,10.0,pass,True,,
interview,4,4,212,51.09,,,,53.86,,,,,42.88,0.5
interview,2,3,147,84.18,,,,22.83,,,,,71.4,0.71
debugging,5,6,153,,,16.44,13.46,83.39,9.0,3.0,fail,False,,
battle,2,1,283,62.48,51.89,,,21.78,,,,,66.22,0.67
interview,4,4,78,74.67,,,,64.86,,,,,74.66,0.76
coding,1,3,158,,,49.25,43.05,13.08,8.0,5.0,fail,False,,
interview,2,4,299,35.54,,,,28.57,,,,,36.14,0.4
battle,5,4,257,4.16,36.0,,,85.98,,,,,19.57,0.23
debugging,5,2,189,,,41.52,35.23,76.73,11.0,5.0,fail,False,,
coding,0,5,50,,,9.14,15.94,3.89,6.0,1.0,error,False,,
battle,2,3,190,36.69,53.69,,,27.01,,,,,40.88,0.4
battle,4,2,57,75.17,90.59,,,78.64,,,,,67.2,0.78
coding,5,6,127,,,59.59,45.26,66.14,6.0,4.0,fail,False,,
interview,2,5,196,68.16,,,,29.01,,,,,54.88,0.64
coding,2,3,78,,,84.72,89.2,30.4,11.0,9.0,pass,True,,
interview,5,5,108,88.12,,,,72.96,,,,,99.23,0.99
debugging,1,1,277,,,35.46,24.37,21.18,5.0,2.0,fail,False,,
debugging,0,3,207,,,34.88,26.41,8.45,7.0,3.0,fail,False,,
interview,3,4,193,58.8,,,,38.4,,,,,63.5,0.71
coding,1,2,297,,,69.31,90.19,17.66,7.0,6.0,pass,True,,
interview,0,5,205,25.82,,,,0.0,,,,,30.18,0.32
interview,0,4,45,98.5,,,,1.43,,,,,93.83,0.99
coding,3,4,131,,,53.31,53.13,40.69,14.0,7.0,fail,False,,
battle,3,2,183,32.9,49.28,,,46.36,,,,,35.75,0.35
debugging,3,4,242,,,49.01,47.78,54.22,12.0,7.0,fail,False,,
coding,4,4,277,,,22.5,15.36,61.71,7.0,2.0,error,False,,
coding,2,1,205,,,66.01,51.68,15.79,10.0,7.0,fail,False,,
debugging,2,1,241,,,66.37,77.19,26.58,7.0,5.0,pass,True,,
interview,2,4,172,41.03,,,,33.67,,,,,31.71,0.37
coding,3,4,68,,,60.75,89.69,35.78,13.0,10.0,pass,True,,
battle,5,3,248,55.2,51.53,,,68.24,,,,,52.53,0.56
debugging,2,6,113,,,20.32,15.33,37.7,5.0,1.0,error,False,,
debugging,5,1,112,,,60.74,58.84,80.9,11.0,7.0,fail,False,,
battle,3,3,149,73.13,64.97,,,51.6,,,,,73.1,0.76
interview,0,4,118,56.12,,,,5.22,,,,,58.59,0.68
interview,1,1,154,33.52,,,,21.32,,,,,30.15,0.35
battle,5,1,187,78.19,66.92,,,63.62,,,,,80.2,0.83
battle,2,4,230,96.59,85.46,,,35.5,,,,,91.27,0.93
debugging,3,6,105,,,76.37,100.0,37.16,7.0,6.0,pass,True,,
debugging,5,4,186,,,18.96,20.21,67.21,7.0,2.0,error,False,,
coding,3,5,96,,,46.0,41.35,47.97,6.0,3.0,fail,False,,
coding,0,5,297,,,14.99,9.15,0.0,10.0,2.0,error,False,,
battle,0,5,138,65.05,57.81,,,0.0,,,,,62.4,0.69
coding,0,6,219,,,12.84,6.4,0.0,12.0,2.0,error,False,,
battle,4,1,221,92.01,80.43,,,46.87,,,,,87.87,0.95
interview,4,3,88,74.8,,,,54.74,,,,,62.1,0.61
debugging,2,5,156,,,40.05,30.44,29.58,5.0,2.0,fail,False,,
battle,4,5,297,86.26,55.75,,,51.61,,,,,80.64,0.77
coding,5,5,244,,,49.04,44.4,77.94,5.0,3.0,fail,False,,
coding,0,4,111,,,61.77,86.08,1.35,12.0,9.0,pass,True,,
debugging,4,1,231,,,75.39,100.0,58.82,6.0,5.0,pass,True,,
debugging,5,1,68,,,84.46,92.63,77.67,9.0,8.0,pass,True,,
interview,1,1,297,38.38,,,,9.79,,,,,41.3,0.44
battle,5,1,156,54.14,62.72,,,75.65,,,,,47.26,0.47
coding,2,2,128,,,66.37,95.75,30.57,10.0,8.0,pass,True,,
debugging,2,4,201,,,54.02,25.45,28.25,13.0,7.0,fail,False,,
coding,2,1,147,,,56.98,41.32,37.23,11.0,6.0,fail,False,,
battle,0,1,76,39.18,67.28,,,0.0,,,,,27.67,0.32
debugging,2,6,93,,,65.16,37.18,18.6,8.0,5.0,fail,False,,
battle,4,2,96,85.88,82.43,,,60.99,,,,,90.02,0.97
coding,5,3,154,,,67.52,74.62,62.37,9.0,7.0,pass,True,,
debugging,5,4,230,,,10.47,16.31,64.83,5.0,1.0,error,False,,
battle,4,6,97,61.72,57.82,,,59.87,,,,,55.3,0.63
debugging,1,2,138,,,39.95,20.6,11.56,7.0,2.0,error,False,,
battle,3,3,121,34.2,43.11,,,47.27,,,,,36.82,0.37
coding,0,2,194,,,40.7,27.84,7.42,11.0,5.0,fail,False,,
interview,5,3,93,57.52,,,,86.65,,,,,45.46,0.48
coding,4,6,34,,,89.68,94.13,55.34,14.0,13.0,pass,True,,
interview,3,4,99,57.74,,,,36.79,,,,,62.07,0.67
interview,2,3,221,66.51,,,,25.42,,,,,57.33,0.59
debugging,3,5,192,,,13.61,10.59,42.64,13.0,3.0,error,False,,
debugging,5,3,42,,,68.52,55.66,81.2,10.0,7.0,fail,False,,
coding,5,5,233,,,31.48,35.41,82.71,6.0,2.0,fail,False,,
coding,2,3,293,,,0.0,9.04,38.46,9.0,1.0,error,False,,
debugging,1,1,289,,,50.77,33.49,16.02,10.0,4.0,fail,False,,
battle,4,2,74,45.27,70.03,,,60.21,,,,,38.05,0.44
interview,5,4,42,66.65,,,,75.02,,,,,65.44,0.73
debugging,5,6,84,,,25.21,27.07,82.19,10.0,4.0,fail,False,,
battle,5,5,298,75.74,48.1,,,63.43,,,,,62.82,0.72
coding,1,2,83,,,38.59,56.35,22.03,8.0,5.0,fail,False,,
coding,3,5,51,,,66.63,73.05,37.95,11.0,8.0,pass,True,,
coding,1,2,156,,,64.85,83.95,12.73,13.0,10.0,pass,True,,
interview,5,6,238,34.71,,,,68.99,,,,,25.96,0.28
debugging,0,3,191,,,33.93,28.42,7.19,7.0,3.0,fail,False,,
interview,2,5,215,16.97,,,,35.29,,,,,22.52,0.23
battle,4,3,42,35.67,48.08,,,62.87,,,,,31.36,0.35
battle,5,1,50,90.64,76.07,,,90.69,,,,,87.06,1.0
interview,0,3,175,72.47,,,,0.0,,,,,71.05,0.71
interview,1,1,195,63.38,,,,5.72,,,,,59.29,0.58
battle,4,2,245,89.54,71.32,,,52.5,,,,,82.67,0.94
coding,5,1,50,,,66.27,90.84,68.85,13.0,11.0,pass,True,,
debugging,4,2,75,,,83.52,97.91,70.36,9.0,8.0,pass,True,,
coding,1,3,140,,,9.32,12.52,19.61,8.0,1.0,error,False,,
interview,1,6,148,85.21,,,,14.71,,,,,82.29,0.82
debugging,5,5,199,,,27.64,10.96,75.14,13.0,3.0,error,False,,
coding,3,1,155,,,72.86,51.36,57.4,9.0,6.0,fail,False,,
interview,4,6,88,35.4,,,,64.74,,,,,38.18,0.44
interview,4,4,247,69.81,,,,54.42,,,,,69.78,0.67
interview,1,3,172,69.75,,,,3.84,,,,,65.25,0.65
debugging,1,1,55,,,61.45,85.57,8.94,13.0,10.0,pass,True,,
battle,3,4,78,79.27,70.56,,,43.94,,,,,74.7,0.78
coding,0,2,34,,,48.63,42.66,0.0,8.0,5.0,fail,False,,
coding,5,3,255,,,68.62,96.8,75.03,9.0,8.0,pass,True,,
coding,1,6,231,,,15.75,18.13,16.29,7.0,2.0,error,False,,
debugging,3,1,238,,,22.12,13.79,42.0,10.0,2.0,error,False,,
interview,2,2,168,54.33,,,,45.95,,,,,58.64,0.57
coding,1,6,289,,,73.81,73.04,10.99,7.0,5.0,pass,True,,
debugging,4,2,276,,,31.53,36.0,67.35,8.0,3.0,fail,False,,
debugging,3,2,122,,,57.24,45.83,53.23,10.0,6.0,fail,False,,
interview,3,2,284,50.5,,,,36.25,,,,,46.63,0.46
interview,2,6,130,73.14,,,,26.1,,,,,77.84,0.92
interview,0,6,277,47.48,,,,24.47,,,,,57.18,0.59
interview,4,6,192,36.69,,,,59.41,,,,,40.97,0.42
battle,3,5,210,28.33,26.93,,,54.65,,,,,34.85,0.39
battle,4,2,222,23.63,58.89,,,60.23,,,,,34.81,0.34
debugging,4,3,105,,,88.52,100.0,54.36,11.0,10.0,pass,True,,
coding,3,2,145,,,36.21,20.39,42.16,12.0,4.0,fail,False,,
interview,5,1,224,92.06,,,,70.43,,,,,81.95,0.86
battle,4,4,98,46.11,59.13,,,66.67,,,,,60.57,0.63
battle,1,6,114,50.53,48.7,,,11.13,,,,,39.71,0.44
battle,4,2,59,73.62,87.02,,,68.36,,,,,75.64,0.85
coding,3,6,242,,,49.81,43.6,43.24,10.0,6.0,fail,False,,
debugging,1,2,61,,,30.63,24.65,18.36,13.0,5.0,fail,False,,
battle,3,4,140,77.46,58.15,,,61.1,,,,,77.29,0.77
battle,2,4,110,64.88,64.35,,,37.57,,,,,58.88,0.57
coding,0,1,280,,,18.6,12.98,6.47,13.0,4.0,fail,False,,
interview,4,3,92,61.49,,,,65.16,,,,,52.63,0.55
battle,2,2,129,53.01,48.95,,,34.87,,,,,43.39,0.51
debugging,4,3,197,,,37.31,16.36,57.5,7.0,3.0,fail,False,,
interview,4,6,176,80.92,,,,53.03,,,,,78.65,0.89
interview,3,2,51,43.76,,,,52.42,,,,,39.04,0.4
debugging,1,3,208,,,35.52,39.86,15.49,9.0,4.0,fail,False,,
battle,4,1,98,21.8,40.65,,,49.39,,,,,25.64,0.25
debugging,5,5,76,,,55.97,35.45,76.15,8.0,5.0,fail,False,,
debugging,5,5,277,,,30.2,14.57,78.65,8.0,3.0,fail,False,,
battle,1,6,186,61.1,38.79,,,17.72,,,,,57.22,0.64
battle,3,3,295,66.89,64.98,,,47.62,,,,,61.22,0.61
coding,5,2,248,,,49.53,30.9,71.17,7.0,4.0,fail,False,,
coding,5,3,163,,,51.0,47.34,80.81,14.0,7.0,fail,False,,
debugging,3,3,287,,,64.94,45.48,43.5,10.0,7.0,fail,False,,
battle,0,5,97,98.23,83.2,,,0.0,,,,,90.95,0.95
interview,5,6,174,46.84,,,,86.9,,,,,47.46,0.46
battle,0,4,161,16.94,46.21,,,11.74,,,,,20.06,0.21
coding,1,4,197,,,27.06,23.07,24.03,11.0,3.0,error,False,,
debugging,0,1,98,,,44.72,32.97,0.0,14.0,9.0,fail,False,,
debugging,1,2,67,,,57.85,35.15,23.92,7.0,4.0,fail,False,,
debugging,1,6,120,,,45.27,39.18,9.66,14.0,7.0,fail,False,,
debugging,0,4,211,,,58.38,56.84,0.0,9.0,6.0,fail,False,,
battle,1,3,152,66.88,52.92,,,10.76,,,,,54.29,0.55
debugging,1,1,234,,,50.64,26.74,21.02,8.0,5.0,fail,False,,
interview,3,4,236,13.02,,,,51.85,,,,,19.49,0.21
coding,5,5,162,,,51.7,34.27,80.99,8.0,4.0,fail,False,,
coding,0,5,90,,,72.47,97.04,5.46,14.0,12.0,pass,True,,
interview,4,4,139,81.2,,,,60.6,,,,,97.7,0.95
battle,4,1,35,56.79,68.27,,,61.23,,,,,36.28,0.36
debugging,2,6,243,,,20.78,25.28,33.38,13.0,4.0,fail,False,,
coding,3,5,276,,,66.21,35.08,45.78,10.0,6.0,fail,False,,
interview,1,3,151,45.34,,,,2.52,,,,,42.11,0.48
interview,2,6,196,18.4,,,,19.31,,,,,22.85,0.25
interview,2,5,166,64.31,,,,25.11,,,,,49.84,0.53
debugging,1,1,170,,,53.7,55.52,17.73,10.0,6.0,fail,False,,
battle,4,2,46,77.66,66.77,,,56.69,,,,,81.65,0.92
battle,5,1,200,39.02,52.54,,,76.82,,,,,24.12,0.26
interview,1,4,173,87.6,,,,23.71,,,,,87.31,0.86
debugging,3,3,147,,,74.3,77.09,43.33,7.0,5.0,pass,True,,
debugging,4,6,59,,,68.93,84.25,42.29,13.0,10.0,pass,True,,
interview,5,6,233,80.44,,,,79.0,,,,,84.24,0.88
battle,4,2,74,76.57,70.84,,,54.74,,,,,76.12,0.78
interview,3,3,151,56.8,,,,55.2,,,,,49.72,0.48
interview,0,1,188,79.45,,,,0.0,,,,,84.74,0.84
interview,0,2,238,14.18,,,,0.57,,,,,18.87,0.21
interview,0,4,244,69.54,,,,10.54,,,,,64.1,0.68
battle,5,6,199,62.59,29.41,,,77.89,,,,,52.8,0.53
battle,4,3,123,82.72,63.55,,,62.79,,,,,76.6,0.8
debugging,1,2,253,,,28.36,34.23,16.68,5.0,2.0,fail,False,,
coding,2,6,90,,,53.73,49.91,21.77,9.0,6.0,fail,False,,
coding,1,5,236,,,50.18,40.71,5.43,8.0,4.0,fail,False,,
battle,3,1,194,63.44,57.11,,,42.67,,,,,55.4,0.65
interview,5,3,261,71.24,,,,83.15,,,,,73.95,0.79
interview,2,1,211,95.69,,,,31.93,,,,,79.87,0.77
interview,4,5,216,77.08,,,,51.77,,,,,81.88,0.88
debugging,2,2,32,,,91.44,100.0,37.79,9.0,8.0,pass,True,,
battle,4,3,200,67.97,56.82,,,54.13,,,,,63.91,0.66
coding,3,5,220,,,84.38,98.42,51.71,9.0,8.0,pass,True,,
battle,5,3,218,59.0,49.6,,,83.33,,,,,51.76,0.5
battle,2,1,211,48.14,65.14,,,21.06,,,,,37.03,0.42
debugging,3,6,243,,,30.65,15.33,35.75,6.0,1.0,error,False,,
debugging,3,6,49,,,36.29,39.92,54.32,10.0,6.0,fail,False,,
battle,1,5,259,75.59,65.75,,,10.47,,,,,68.86,0.79
battle,1,6,238,71.77,52.4,,,20.29,,,,,70.34,0.69
debugging,4,3,268,,,43.17,27.48,52.91,11.0,4.0,fail,False,,
interview,4,6,260,57.61,,,,60.52,,,,,50.95,0.55
battle,2,6,40,79.71,58.4,,,32.21,,,,,77.6,0.83
coding,5,2,81,,,52.24,84.01,83.62,9.0,7.0,pass,True,,
interview,2,6,221,38.55,,,,33.36,,,,,39.4,0.44
battle,3,5,42,21.0,44.03,,,40.94,,,,,22.31,0.25
interview,5,6,159,70.38,,,,78.73,,,,,61.14,0.69
interview,5,2,157,33.54,,,,77.45,,,,,39.69,0.42
battle,0,2,135,24.15,52.96,,,0.0,,,,,32.42,0.35
battle,1,5,61,87.37,63.68,,,15.15,,,,,84.26,0.91
interview,0,4,67,92.38,,,,0.0,,,,,82.69,0.89
debugging,3,3,253,,,69.9,98.1,43.3,5.0,4.0,pass,True,,
interview,1,6,124,54.27,,,,15.52,,,,,54.52,0.52
debugging,5,6,149,,,25.74,19.56,76.19,9.0,3.0,fail,False,,
coding,5,5,229,,,42.53,24.27,60.69,10.0,4.0,fail,False,,
debugging,3,1,284,,,22.28,28.1,53.37,9.0,3.0,fail,False,,
coding,4,2,113,,,64.51,94.48,54.13,14.0,11.0,pass,True,,
coding,3,1,87,,,77.91,89.04,49.82,12.0,11.0,pass,True,,
debugging,4,5,185,,,63.2,59.88,55.75,6.0,4.0,fail,False,,
battle,1,5,267,82.2,42.39,,,15.84,,,,,76.22,0.86
interview,0,4,231,68.34,,,,0.0,,,,,63.49,0.7
battle,3,1,211,50.4,56.69,,,39.56,,,,,44.21,0.47
interview,2,6,297,60.69,,,,30.6,,,,,50.9,0.5
debugging,0,1,250,,,48.77,43.57,0.0,9.0,5.0,fail,False,,
coding,5,5,221,,,17.02,12.64,69.16,5.0,1.0,error,False,,
debugging,1,3,185,,,49.74,35.58,14.55,5.0,3.0,fail,False,,
coding,4,3,273,,,85.44,97.38,53.78,8.0,7.0,pass,True,,
coding,2,2,281,,,31.67,16.82,40.31,7.0,2.0,error,False,,
coding,1,1,237,,,33.09,19.8,5.28,13.0,5.0,fail,False,,
debugging,5,5,54,,,31.85,28.41,81.59,6.0,2.0,fail,False,,
interview,1,3,181,27.16,,,,18.96,,,,,20.81,0.24
interview,0,5,73,81.48,,,,0.0,,,,,93.41,0.91
debugging,3,1,275,,,54.41,46.59,41.48,14.0,9.0,fail,False,,
battle,5,5,282,47.17,56.82,,,76.79,,,,,54.08,0.59
battle,0,2,99,82.93,88.89,,,0.0,,,,,77.2,0.79
debugging,1,2,209,,,23.7,8.99,20.67,5.0,1.0,error,False,,
coding,4,5,66,,,68.5,73.34,70.61,7.0,5.0,pass,True,,
coding,4,3,249,,,66.69,82.06,60.54,14.0,11.0,pass,True,,
debugging,3,1,105,,,60.88,50.07,34.47,9.0,6.0,fail,False,,
coding,1,5,238,,,35.99,25.22,4.17,10.0,5.0,fail,False,,
debugging,0,1,119,,,51.97,39.89,1.98,10.0,6.0,fail,False,,
debugging,5,5,298,,,32.27,29.58,73.14,5.0,2.0,fail,False,,
debugging,0,2,55,,,29.86,22.12,0.0,10.0,3.0,error,False,,
battle,0,6,42,46.83,45.05,,,0.37,,,,,34.04,0.38
debugging,3,3,129,,,38.68,35.55,47.87,12.0,5.0,fail,False,,
coding,0,3,193,,,59.11,50.43,0.0,10.0,7.0,fail,False,,
debugging,5,4,216,,,41.23,35.1,71.93,6.0,3.0,fail,False,,
debugging,0,5,293,,,83.4,98.49,0.0,11.0,10.0,pass,True,,
battle,2,6,259,56.63,36.18,,,43.93,,,,,54.08,0.54
battle,5,6,151,36.49,48.87,,,76.92,,,,,33.96,0.39
coding,1,2,125,,,34.04,27.34,18.5,10.0,4.0,fail,False,,
battle,2,5,243,80.81,51.83,,,32.94,,,,,80.33,0.86
debugging,2,5,280,,,5.45,2.61,28.75,6.0,1.0,error,False,,
debugging,3,6,266,,,47.72,36.76,49.01,12.0,6.0,fail,False,,
battle,5,2,123,42.92,54.56,,,82.34,,,,,29.63,0.33
interview,0,2,83,30.79,,,,0.0,,,,,34.65,0.37
debugging,1,4,217,,,66.61,93.64,22.32,8.0,7.0,pass,True,,
debugging,5,4,41,,,15.84,13.23,66.87,5.0,1.0,error,False,,
battle,3,5,180,36.82,33.84,,,38.72,,,,,36.91,0.37
battle,4,3,257,48.18,44.41,,,63.51,,,,,33.26,0.37
battle,3,1,193,52.04,57.13,,,43.17,,,,,46.05,0.53
coding,4,3,63,,,70.79,89.06,63.68,8.0,7.0,pass,True,,
debugging,2,3,67,,,77.93,95.49,34.27,10.0,9.0,pass,True,,
interview,3,2,34,43.51,,,,48.37,,,,,48.07,0.49
battle,3,2,106,74.8,66.88,,,49.24,,,,,67.76,0.66
coding,2,4,167,,,60.06,61.39,17.22,6.0,4.0,fail,False,,
interview,5,5,136,24.72,,,,70.39,,,,,27.14,0.28
debugging,1,4,124,,,31.32,46.63,8.94,5.0,3.0,fail,False,,
coding,3,4,48,,,43.36,29.61,49.46,14.0,6.0,fail,False,,
battle,4,1,71,25.84,55.56,,,65.33,,,,,32.34,0.37
interview,1,2,118,87.36,,,,17.4,,,,,86.42,0.94
interview,0,2,205,32.01,,,,0.0,,,,,21.7,0.22
interview,5,3,188,83.57,,,,59.56,,,,,78.5,0.84
interview,4,5,139,31.1,,,,68.97,,,,,26.38,0.27
interview,5,6,65,87.9,,,,73.32,,,,,98.86,0.99
battle,3,4,47,61.55,66.72,,,51.12,,,,,59.89,0.66
battle,3,5,133,15.88,34.25,,,43.86,,,,,23.09,0.23
battle,4,3,133,45.2,38.53,,,37.69,,,,,39.17,0.43
coding,5,6,280,,,64.59,45.95,84.33,10.0,7.0,fail,False,,
interview,2,6,83,100.0,,,,13.14,,,,,94.3,0.9
coding,4,1,223,,,50.7,40.96,62.37,8.0,5.0,fail,False,,
debugging,3,3,226,,,72.42,82.5,57.12,8.0,6.0,pass,True,,
coding,2,5,200,,,49.22,19.82,37.58,13.0,5.0,fail,False,,
coding,2,3,229,,,16.27,24.42,47.88,13.0,3.0,error,False,,
coding,2,2,71,,,49.28,31.32,45.95,10.0,6.0,fail,False,,
interview,5,1,249,52.56,,,,86.13,,,,,48.11,0.49
battle,3,1,183,100.0,84.11,,,40.1,,,,,91.13,0.95
battle,0,5,147,49.59,45.63,,,1.23,,,,,46.16,0.44
debugging,5,2,40,,,17.98,12.67,80.73,11.0,4.0,fail,False,,
battle,5,5,193,24.15,35.76,,,81.6,,,,,28.7,0.33
coding,5,4,122,,,48.96,43.39,74.05,13.0,6.0,fail,False,,
interview,5,4,116,50.99,,,,67.18,,,,,52.99,0.53
coding,1,1,259,,,37.13,19.76,12.49,8.0,3.0,fail,False,,
interview,0,4,247,25.74,,,,0.0,,,,,26.41,0.29
interview,1,4,152,41.51,,,,21.17,,,,,28.19,0.32
battle,2,3,216,48.43,57.68,,,39.62,,,,,56.56,0.62
coding,5,6,232,,,63.44,50.65,51.62,6.0,4.0,fail,False,,
battle,4,1,116,57.29,55.35,,,53.12,,,,,68.97,0.68
coding,4,6,278,,,46.7,37.18,53.12,14.0,8.0,fail,False,,
debugging,1,4,201,,,40.87,32.95,15.92,6.0,3.0,fail,False,,
debugging,1,3,97,,,24.64,23.38,4.85,6.0,2.0,fail,False,,
coding,3,6,54,,,57.03,48.56,42.88,11.0,7.0,fail,False,,
battle,1,5,179,25.39,43.57,,,6.07,,,,,24.05,0.25
coding,2,2,152,,,9.96,12.0,27.29,7.0,1.0,error,False,,
debugging,2,2,204,,,11.59,5.74,12.51,8.0,1.0,error,False,,
interview,4,3,38,22.51,,,,63.83,,,,,20.78,0.24
coding,1,1,142,,,38.42,17.7,12.12,12.0,5.0,fail,False,,
battle,2,6,54,24.72,41.22,,,30.84,,,,,29.09,0.31
interview,0,4,208,47.38,,,,8.03,,,,,52.06,0.53
interview,0,4,278,47.95,,,,10.71,,,,,42.0,0.45
battle,4,1,177,68.95,77.41,,,63.47,,,,,71.19,0.74
debugging,4,2,140,,,59.07,54.81,59.66,13.0,9.0,fail,False,,
coding,5,6,74,,,54.68,78.81,71.49,7.0,5.0,pass,True,,
debugging,1,4,249,,,74.38,87.97,15.28,5.0,4.0,pass,True,,
battle,4,2,128,54.18,67.31,,,58.25,,,,,59.45,0.64
interview,3,3,202,24.39,,,,45.04,,,,,27.02,0.31
interview,2,3,187,95.73,,,,21.78,,,,,87.48,0.95
debugging,2,5,117,,,75.86,78.31,21.45,7.0,6.0,pass,True,,
interview,3,3,163,43.73,,,,53.29,,,,,47.12,0.53
interview,4,5,206,48.28,,,,57.21,,,,,51.91,0.54
battle,1,1,87,41.19,62.47,,,14.99,,,,,42.72,0.43
interview,2,5,254,11.58,,,,27.48,,,,,26.63,0.27
battle,2,6,30,34.71,51.77,,,38.36,,,,,30.51,0.36
battle,1,5,240,44.62,33.55,,,4.26,,,,,37.04,0.4
interview,1,2,74,59.36,,,,12.18,,,,,62.7,0.67
debugging,1,2,59,,,22.66,10.6,16.4,13.0,4.0,fail,False,,
battle,3,1,138,71.6,73.14,,,44.25,,,,,64.03,0.65
coding,4,2,218,,,74.22,92.39,61.39,13.0,11.0,pass,True,,
debugging,4,5,193,,,83.58,95.11,74.35,14.0,13.0,pass,True,,
coding,3,5,180,,,76.04,92.38,40.95,14.0,11.0,pass,True,,
coding,3,4,212,,,52.11,45.16,47.67,14.0,9.0,fail,False,,
coding,2,2,104,,,27.29,39.65,19.77,10.0,4.0,fail,False,,
interview,2,6,173,82.45,,,,33.25,,,,,76.48,0.84
debugging,5,1,129,,,68.05,94.84,64.44,13.0,11.0,pass,True,,
coding,3,4,112,,,46.52,46.18,40.82,14.0,8.0,fail,False,,
coding,1,6,155,,,15.39,17.72,15.05,12.0,4.0,fail,False,,
interview,2,3,195,21.41,,,,22.58,,,,,19.17,0.2
debugging,5,3,208,,,38.17,30.38,71.02,8.0,3.0,fail,False,,
battle,0,5,220,64.62,57.89,,,1.61,,,,,68.44,0.7
battle,2,6,201,43.49,42.75,,,27.02,,,,,36.06,0.36
debugging,3,5,216,,,96.06,86.87,38.98,9.0,8.0,pass,True,,
interview,4,5,124,88.53,,,,43.22,,,,,89.9,0.9
coding,1,6,56,,,53.59,40.81,8.5,6.0,4.0,fail,False,,
debugging,4,1,218,,,27.97,20.55,62.97,13.0,4.0,fail,False,,
debugging,4,1,67,,,26.67,25.22,51.18,12.0,6.0,fail,False,,
battle,5,5,114,90.11,64.3,,,83.69,,,,,93.5,0.92
interview,1,2,161,63.44,,,,17.82,,,,,55.79,0.61
interview,2,1,194,29.89,,,,29.15,,,,,33.93,0.36
coding,2,6,126,,,65.33,39.71,33.65,6.0,4.0,fail,False,,
interview,3,5,111,70.56,,,,45.89,,,,,68.95,0.77
debugging,3,4,99,,,27.35,22.59,43.19,6.0,2.0,fail,False,,
coding,5,5,142,,,61.39,47.83,71.82,9.0,6.0,fail,False,,
coding,5,3,279,,,49.38,39.92,71.16,11.0,6.0,fail,False,,
coding,0,4,38,,,28.47,32.21,0.0,14.0,5.0,fail,False,,
interview,2,6,94,50.89,,,,20.63,,,,,46.78,0.54
interview,2,6,51,94.74,,,,31.85,,,,,80.04,0.87
coding,1,1,236,,,39.52,28.52,12.31,12.0,5.0,fail,False,,
battle,4,4,90,53.08,58.93,,,50.96,,,,,52.32,0.59
debugging,3,5,137,,,57.26,97.46,39.03,8.0,6.0,pass,True,,
coding,1,2,154,,,58.58,47.68,6.15,5.0,3.0,fail,False,,
interview,0,6,268,48.85,,,,0.0,,,,,46.81,0.5
debugging,1,5,73,,,65.46,57.51,20.58,13.0,9.0,fail,False,,
interview,5,6,183,74.76,,,,75.1,,,,,79.46,0.81
battle,2,2,61,78.78,85.58,,,44.71,,,,,78.36,0.76
interview,5,2,100,66.71,,,,78.76,,,,,57.63,0.64
battle,1,3,220,100.0,83.1,,,20.49,,,,,91.54,0.95
interview,0,6,216,87.4,,,,1.13,,,,,74.49,0.84
coding,1,1,232,,,59.37,78.34,7.25,14.0,10.0,pass,True,,
battle,4,6,149,86.58,67.47,,,49.22,,,,,81.71,0.88
interview,0,1,146,57.53,,,,0.0,,,,,63.42,0.66
coding,4,2,71,,,71.07,80.91,65.6,8.0,7.0,pass,True,,
battle,4,4,76,26.45,48.61,,,58.32,,,,,38.11,0.38
coding,5,4,210,,,39.57,35.95,80.51,7.0,3.0,fail,False,,
battle,3,1,213,71.12,85.89,,,39.4,,,,,81.08,0.88
interview,4,6,158,19.21,,,,64.97,,,,,22.42,0.24
battle,3,6,177,25.0,35.59,,,58.58,,,,,34.91,0.35
debugging,0,2,150,,,55.61,54.93,0.0,8.0,5.0,fail,False,,
interview,5,1,169,100.0,,,,64.7,,,,,92.81,0.97
interview,1,5,95,13.26,,,,22.03,,,,,20.06,0.22
interview,3,2,113,100.0,,,,33.91,,,,,91.9,0.89
interview,3,6,191,82.97,,,,44.49,,,,,90.49,0.95
coding,3,4,152,,,49.82,25.27,44.92,10.0,6.0,fail,False,,
interview,2,6,113,36.22,,,,33.76,,,,,32.34,0.35
coding,4,5,38,,,57.64,46.77,51.83,5.0,3.0,fail,False,,
coding,1,5,64,,,84.15,94.83,18.51,11.0,10.0,pass,True,,
interview,5,2,198,57.52,,,,79.06,,,,,50.47,0.59
coding,4,2,135,,,62.11,47.21,63.96,6.0,4.0,fail,False,,
coding,5,5,296,,,77.45,35.21,75.87,13.0,8.0,fail,False,,
debugging,3,5,257,,,63.66,83.49,48.87,12.0,9.0,pass,True,,
interview,5,2,178,26.7,,,,58.04,,,,,26.74,0.31
battle,0,2,275,86.1,65.44,,,6.03,,,,,81.27,0.89
coding,2,2,149,,,33.31,12.63,30.13,9.0,3.0,fail,False,,
coding,3,1,273,,,36.74,20.2,26.55,14.0,4.0,error,False,,
interview,1,2,54,37.89,,,,23.24,,,,,38.3,0.41
coding,3,3,275,,,31.72,12.03,36.02,12.0,3.0,error,False,,
interview,0,3,223,100.0,,,,0.0,,,,,99.85,0.98
interview,1,3,239,48.97,,,,20.61,,,,,53.43,0.56
battle,3,2,47,80.41,88.28,,,51.7,,,,,90.43,0.93
battle,2,2,133,45.62,47.19,,,34.9,,,,,23.86,0.28
coding,3,2,156,,,37.1,37.72,47.75,9.0,4.0,fail,False,,
debugging,5,4,61,,,55.69,73.59,75.95,14.0,10.0,pass,True,,
debugging,1,4,284,,,56.74,81.49,7.03,8.0,6.0,pass,True,,
coding,4,5,180,,,57.95,83.28,57.46,5.0,4.0,pass,True,,
interview,5,5,284,62.02,,,,72.86,,,,,52.05,0.54
interview,0,4,38,72.28,,,,0.0,,,,,65.13,0.63
battle,1,6,255,73.96,61.4,,,12.29,,,,,83.18,0.8
coding,5,4,210,,,75.28,88.82,83.64,12.0,11.0,pass,True,,
battle,2,6,39,54.85,54.18,,,22.55,,,,,46.43,0.44
battle,3,2,130,33.83,46.63,,,52.38,,,,,35.81,0.34
battle,5,4,284,53.82,31.22,,,67.34,,,,,55.48,0.56
debugging,1,1,280,,,59.84,84.45,15.84,14.0,10.0,pass,True,,
debugging,1,1,261,,,85.27,87.64,3.64,11.0,9.0,pass,True,,
interview,2,3,127,55.57,,,,29.25,,,,,46.69,0.49
battle,2,4,224,88.34,65.79,,,26.4,,,,,84.24,0.89
interview,3,4,215,71.1,,,,39.77,,,,,82.8,0.86
coding,4,5,74,,,42.81,24.12,60.79,6.0,2.0,fail,False,,
debugging,4,4,36,,,78.72,84.33,67.99,11.0,10.0,pass,True,,
battle,1,2,39,71.76,85.46,,,14.57,,,,,80.36,0.77
battle,5,5,78,58.51,59.92,,,74.32,,,,,64.07,0.68
battle,3,2,137,49.7,64.38,,,51.56,,,,,52.54,0.51
battle,3,6,211,58.91,48.04,,,42.82,,,,,52.86,0.58
coding,4,3,262,,,25.96,0.0,71.49,12.0,3.0,error,False,,
debugging,3,4,201,,,61.69,70.68,43.21,11.0,8.0,pass,True,,
battle,0,1,240,77.17,68.62,,,0.0,,,,,71.7,0.74
battle,0,3,287,77.21,61.66,,,13.0,,,,,82.51,0.79
battle,3,5,226,24.32,28.21,,,32.37,,,,,25.09,0.25
interview,5,5,175,26.52,,,,76.86,,,,,31.29,0.31
debugging,2,1,158,,,24.13,39.26,24.04,12.0,5.0,fail,False,,
battle,3,4,242,38.17,53.82,,,45.47,,,,,36.09,0.38
coding,5,3,249,,,82.39,85.24,82.4,10.0,9.0,pass,True,,
interview,5,3,230,45.86,,,,86.16,,,,,41.23,0.4
interview,0,4,233,26.55,,,,0.0,,,,,29.06,0.33
battle,5,4,117,31.7,54.52,,,72.53,,,,,31.1,0.31
coding,1,6,137,,,55.9,38.15,23.12,11.0,6.0,fail,False,,
battle,1,3,73,63.42,66.59,,,13.26,,,,,75.95,0.75
debugging,5,6,103,,,74.38,90.12,64.37,12.0,10.0,pass,True,,
interview,5,3,248,46.25,,,,71.59,,,,,53.31,0.61
battle,5,3,85,61.35,64.51,,,60.26,,,,,60.81,0.6
debugging,5,1,261,,,6.08,0.0,79.52,6.0,1.0,error,False,,
debugging,2,2,51,,,81.62,100.0,23.59,11.0,9.0,pass,True,,
coding,0,1,69,,,38.82,46.03,12.7,7.0,4.0,fail,False,,
debugging,4,2,145,,,44.67,31.89,47.37,6.0,3.0,fail,False,,
battle,1,6,49,47.68,49.47,,,6.92,,,,,50.07,0.57
coding,5,2,243,,,29.75,20.62,77.23,8.0,2.0,error,False,,
battle,0,4,143,66.59,49.43,,,0.0,,,,,61.61,0.71
coding,1,3,205,,,31.34,17.08,11.18,6.0,2.0,fail,False,,
coding,3,2,198,,,18.34,20.95,47.92,9.0,2.0,error,False,,
coding,1,5,157,,,19.74,9.06,24.14,11.0,3.0,error,False,,
debugging,3,2,82,,,70.03,85.88,48.6,7.0,5.0,pass,True,,
debugging,3,6,32,,,45.06,35.77,35.5,12.0,5.0,fail,False,,
battle,5,6,95,39.21,33.41,,,84.31,,,,,29.66,0.3
debugging,1,2,155,,,11.88,0.0,14.5,14.0,3.0,error,False,,
battle,1,2,105,46.71,63.34,,,19.72,,,,,48.6,0.47
coding,5,4,55,,,32.53,31.25,80.1,12.0,5.0,fail,False,,
interview,4,3,76,58.93,,,,59.12,,,,,49.11,0.57
coding,2,6,119,,,65.56,91.41,26.74,13.0,11.0,pass,True,,
interview,5,5,229,92.19,,,,63.95,,,,,94.2,0.93
battle,4,1,123,75.72,74.98,,,68.25,,,,,77.83,0.81
coding,4,6,261,,,19.54,20.56,60.51,10.0,3.0,error,False,,
battle,2,4,249,79.0,62.28,,,33.44,,,,,76.28,0.77
battle,2,2,54,35.08,43.25,,,34.39,,,,,24.95,0.26
coding,4,2,82,,,22.47,15.54,51.73,6.0,1.0,error,False,,
coding,4,4,132,,,37.55,19.64,59.31,5.0,2.0,fail,False,,
coding,2,6,53,,,76.88,85.01,32.0,14.0,11.0,pass,True,,
interview,2,1,272,70.06,,,,25.87,,,,,72.34,0.75
debugging,1,3,97,,,4.5,0.0,0.0,14.0,2.0,error,False,,
battle,1,1,205,78.27,68.51,,,12.96,,,,,74.8,0.73
interview,4,1,217,18.9,,,,55.88,,,,,24.11,0.27
battle,1,3,94,49.61,62.16,,,13.74,,,,,56.01,0.56
interview,3,4,210,21.8,,,,53.52,,,,,29.04,0.33
interview,3,5,119,65.92,,,,40.59,,,,,58.04,0.56
coding,0,5,31,,,24.86,6.33,1.78,8.0,1.0,error,False,,
coding,1,3,31,,,67.88,80.16,16.52,9.0,7.0,pass,True,,
coding,3,3,135,,,80.22,100.0,24.45,14.0,13.0,pass,True,,
coding,0,6,214,,,11.65,25.15,0.0,14.0,3.0,error,False,,
battle,0,4,260,49.83,26.41,,,0.0,,,,,38.04,0.39
interview,5,5,239,64.49,,,,73.93,,,,,66.68,0.74
interview,3,2,265,75.33,,,,41.45,,,,,75.15,0.79
coding,3,5,160,,,35.86,32.5,40.41,13.0,6.0,fail,False,,
battle,2,5,260,97.08,62.91,,,30.73,,,,,100.0,0.99
battle,3,4,76,90.26,81.4,,,44.96,,,,,82.12,0.87
debugging,0,2,100,,,60.75,44.54,6.43,10.0,6.0,fail,False,,
coding,2,4,215,,,50.85,29.87,23.16,6.0,3.0,fail,False,,
debugging,4,4,59,,,81.58,97.03,55.31,12.0,10.0,pass,True,,
debugging,2,3,69,,,65.34,39.88,23.19,7.0,4.0,fail,False,,
battle,0,3,258,77.01,70.12,,,0.0,,,,,70.45,0.79
interview,4,2,249,62.7,,,,60.91,,,,,67.66,0.68
interview,0,3,264,93.32,,,,0.0,,,,,92.05,0.93
battle,1,1,270,82.45,74.89,,,20.7,,,,,79.04,0.84
interview,3,2,276,34.19,,,,56.31,,,,,33.68,0.37
coding,3,3,80,,,39.85,36.98,53.85,11.0,6.0,fail,False,,
debugging,2,1,108,,,59.27,50.58,38.18,6.0,4.0,fail,False,,
debugging,1,3,276,,,41.6,37.51,0.0,5.0,3.0,fail,False,,
interview,4,3,168,76.16,,,,58.75,,,,,83.25,0.98
battle,1,4,159,34.39,46.61,,,14.52,,,,,36.02,0.38
debugging,3,2,237,,,11.9,22.46,52.12,14.0,3.0,error,False,,
interview,1,6,60,34.83,,,,12.94,,,,,33.04,0.33
battle,0,5,116,57.74,56.74,,,0.0,,,,,52.83,0.62
debugging,1,4,105,,,77.6,83.39,10.95,11.0,9.0,pass,True,,
coding,4,1,114,,,27.76,29.61,60.88,5.0,2.0,fail,False,,
interview,2,1,159,70.25,,,,29.67,,,,,64.91,0.76
coding,4,4,49,,,65.37,45.66,56.12,10.0,7.0,fail,False,,
coding,5,1,254,,,52.23,34.46,82.92,7.0,4.0,fail,False,,
coding,4,1,204,,,72.01,88.9,60.24,10.0,8.0,pass,True,,
interview,5,1,229,81.98,,,,89.41,,,,,76.86,0.85
battle,4,2,68,52.75,66.38,,,59.11,,,,,48.57,0.56
interview,2,2,44,43.65,,,,29.1,,,,,37.84,0.39
interview,1,1,175,86.25,,,,8.24,,,,,86.53,0.89
interview,1,2,58,83.99,,,,7.8,,,,,70.31,0.81
battle,0,3,215,60.45,64.71,,,0.19,,,,,58.38,0.63
battle,1,6,267,63.66,46.9,,,15.56,,,,,69.51,0.67
coding,2,5,63,,,57.79,41.58,31.51,8.0,5.0,fail,False,,
battle,4,6,109,42.93,50.0,,,65.14,,,,,37.45,0.43
debugging,3,1,163,,,35.17,30.44,36.53,12.0,5.0,fail,False,,
battle,4,6,288,78.7,49.22,,,47.13,,,,,80.86,0.78
battle,1,1,211,25.78,47.58,,,20.52,,,,,35.18,0.35
battle,1,1,261,27.09,37.79,,,11.73,,,,,28.9,0.3
interview,1,6,66,72.71,,,,23.1,,,,,74.8,0.76
battle,3,3,264,100.0,82.01,,,46.02,,,,,100.0,1.0
debugging,2,4,44,,,19.86,30.18,24.16,6.0,2.0,fail,False,,
interview,3,6,195,56.19,,,,34.41,,,,,71.73,0.71
debugging,4,3,258,,,11.63,41.18,56.29,6.0,2.0,fail,False,,
debugging,0,3,220,,,19.96,18.82,0.0,11.0,2.0,error,False,,
debugging,5,5,217,,,28.94,16.8,81.64,8.0,3.0,fail,False,,
interview,3,6,38,58.42,,,,47.18,,,,,65.52,0.72
interview,2,1,72,81.08,,,,17.08,,,,,74.07,0.78
interview,5,4,171,35.39,,,,70.23,,,,,27.12,0.31
battle,5,2,197,33.56,42.93,,,76.2,,,,,29.18,0.32
interview,3,5,191,44.23,,,,48.5,,,,,55.72,0.62
interview,1,6,266,71.88,,,,13.77,,,,,67.76,0.75
debugging,1,1,255,,,61.98,72.83,2.81,11.0,8.0,pass,True,,
interview,5,5,271,38.57,,,,75.34,,,,,50.59,0.59
interview,1,2,112,99.94,,,,24.46,,,,,91.92,0.89
battle,5,2,87,31.71,60.46,,,56.35,,,,,29.76,0.34
debugging,2,2,220,,,66.99,51.61,30.97,8.0,5.0,fail,False,,
debugging,5,1,269,,,80.61,91.05,75.02,10.0,8.0,pass,True,,
debugging,5,2,230,,,49.04,44.12,72.99,6.0,3.0,fail,False,,
battle,5,4,156,89.45,67.98,,,76.68,,,,,80.39,0.81
battle,0,6,293,92.2,50.32,,,0.0,,,,,91.53,0.97
debugging,4,6,113,,,72.71,80.32,52.46,11.0,8.0,pass,True,,
interview,2,3,78,30.04,,,,29.84,,,,,31.87,0.33
coding,3,1,190,,,59.73,73.46,45.02,8.0,6.0,pass,True,,
battle,4,5,215,68.26,37.7,,,58.45,,,,,66.11,0.69
coding,1,1,262,,,61.8,83.52,19.78,7.0,5.0,pass,True,,
battle,2,6,147,14.65,42.63,,,26.23,,,,,24.11,0.28
battle,5,4,209,67.48,56.71,,,71.66,,,,,73.15,0.72
coding,4,3,254,,,47.73,44.67,62.91,14.0,8.0,fail,False,,
debugging,3,1,181,,,44.46,47.08,44.56,5.0,3.0,fail,False,,
interview,2,1,199,100.0,,,,21.35,,,,,97.92,0.95
debugging,0,5,114,,,77.91,95.01,4.22,14.0,12.0,pass,True,,
battle,2,3,76,67.45,65.2,,,46.76,,,,,55.39,0.57
battle,1,6,81,100.0,58.1,,,20.8,,,,,89.88,0.99
debugging,3,2,93,,,66.48,80.48,44.85,6.0,5.0,pass,True,,
battle,4,1,129,82.43,79.72,,,59.03,,,,,82.26,0.89
interview,0,2,253,39.49,,,,0.0,,,,,42.7,0.42
interview,5,1,239,41.81,,,,68.9,,,,,51.33,0.51
debugging,2,2,213,,,50.8,48.04,29.79,13.0,7.0,fail,False,,
battle,0,2,216,78.08,59.23,,,2.68,,,,,69.42,0.77
battle,1,2,133,48.14,62.05,,,19.01,,,,,49.45,0.54
coding,0,6,52,,,74.93,62.27,0.0,10.0,7.0,fail,False,,
battle,3,3,206,83.94,73.55,,,44.13,,,,,79.81,0.81
debugging,0,6,204,,,58.14,46.74,0.23,12.0,7.0,fail,False,,
debugging,1,5,112,,,17.6,1.73,21.48,10.0,2.0,error,False,,
debugging,0,1,266,,,24.4,34.72,0.0,5.0,2.0,fail,False,,
debugging,0,2,238,,,14.45,12.63,0.0,11.0,2.0,error,False,,
interview,2,4,257,52.14,,,,18.04,,,,,49.57,0.48
interview,0,4,188,81.55,,,,2.56,,,,,71.15,0.8
battle,2,2,225,28.2,42.3,,,34.42,,,,,30.18,0.35
battle,4,2,232,86.25,72.9,,,67.41,,,,,80.15,0.94
coding,2,5,223,,,56.94,43.7,21.44,5.0,3.0,fail,False,,
battle,0,1,156,76.01,78.73,,,0.0,,,,,66.24,0.74
battle,4,5,81,6.94,38.3,,,63.08,,,,,18.25,0.2
battle,0,2,289,33.82,55.42,,,6.68,,,,,47.98,0.48
battle,1,4,190,85.99,77.02,,,16.53,,,,,84.63,0.94
battle,2,1,95,67.49,91.77,,,16.31,,,,,68.66,0.79
debugging,4,1,247,,,58.5,80.04,54.83,12.0,9.0,pass,True,,
debugging,5,4,185,,,40.64,28.53,91.67,5.0,2.0,fail,False,,
interview,2,1,150,85.78,,,,18.17,,,,,88.05,0.85
interview,2,3,215,72.87,,,,25.83,,,,,70.58,0.74
battle,0,5,108,28.15,59.88,,,12.49,,,,,27.06,0.29
interview,5,4,233,21.58,,,,67.49,,,,,23.61,0.26
interview,3,1,170,65.89,,,,56.26,,,,,60.6,0.62
debugging,4,1,295,,,59.81,56.86,58.11,6.0,4.0,fail,False,,
debugging,2,5,145,,,80.39,82.47,24.14,13.0,11.0,pass,True,,
interview,3,2,72,35.14,,,,41.23,,,,,36.65,0.4
coding,0,3,242,,,64.29,81.04,0.0,8.0,6.0,pass,True,,
interview,5,4,111,78.99,,,,70.3,,,,,73.48,0.72
debugging,3,5,237,,,24.35,19.02,35.65,14.0,3.0,error,False,,
debugging,2,3,58,,,38.78,33.4,27.44,9.0,5.0,fail,False,,
battle,2,3,167,79.17,76.48,,,25.51,,,,,74.95,0.74
debugging,0,5,151,,,49.59,33.2,2.91,14.0,6.0,fail,False,,
interview,2,1,51,90.89,,,,39.26,,,,,90.53,0.94
interview,3,5,134,25.53,,,,34.85,,,,,25.95,0.3
coding,2,6,268,,,65.15,88.16,24.69,5.0,4.0,pass,True,,
battle,0,2,243,33.32,48.55,,,3.42,,,,,40.78,0.47
battle,1,4,66,19.92,42.58,,,19.58,,,,,18.23,0.2
battle,4,2,71,72.64,63.01,,,53.24,,,,,64.28,0.74
battle,3,1,134,66.45,86.96,,,39.93,,,,,65.84,0.68
interview,3,5,37,45.08,,,,56.46,,,,,40.37,0.46
coding,3,3,133,,,64.83,48.83,51.4,10.0,7.0,fail,False,,
coding,1,1,94,,,83.48,92.42,4.21,8.0,7.0,pass,True,,
battle,1,6,94,22.22,30.39,,,23.14,,,,,28.17,0.29
debugging,4,3,174,,,38.86,40.24,55.17,14.0,6.0,fail,False,,
battle,0,2,37,37.0,63.21,,,1.26,,,,,42.65,0.47
interview,3,6,294,98.67,,,,48.75,,,,,94.95,0.95
coding,5,2,159,,,31.02,33.9,75.2,5.0,2.0,fail,False,,
coding,4,2,176,,,44.69,26.75,60.16,10.0,6.0,fail,False,,
battle,5,6,225,21.69,14.3,,,75.72,,,,,19.73,0.22
interview,2,2,85,95.47,,,,35.62,,,,,96.57,0.93
debugging,4,1,223,,,77.12,94.66,54.31,13.0,12.0,pass,True,,
battle,5,2,141,73.89,69.18,,,71.31,,,,,73.61,0.82
debugging,3,3,167,,,17.57,22.6,49.51,10.0,2.0,error,False,,
debugging,4,1,49,,,1.16,15.31,58.8,10.0,2.0,error,False,,
coding,5,1,282,,,86.34,94.51,73.34,7.0,6.0,pass,True,,
interview,5,1,257,58.81,,,,77.93,,,,,54.73,0.59
battle,2,4,82,47.37,45.86,,,24.05,,,,,51.97,0.5
interview,2,5,168,31.57,,,,42.38,,,,,21.56,0.23
interview,1,6,135,12.56,,,,22.05,,,,,25.71,0.27
battle,1,2,234,83.67,70.55,,,13.12,,,,,86.95,0.85
interview,0,1,181,79.16,,,,0.0,,,,,77.37,0.91
coding,0,3,293,,,27.46,39.97,0.0,8.0,3.0,fail,False,,
debugging,5,3,78,,,37.05,37.22,78.15,7.0,3.0,fail,False,,
debugging,5,6,254,,,30.27,30.57,73.1,8.0,2.0,error,False,,
battle,5,4,104,25.87,42.86,,,82.06,,,,,30.92,0.33
debugging,1,6,49,,,85.42,84.82,8.83,13.0,11.0,pass,True,,
battle,5,5,145,74.79,67.84,,,62.69,,,,,77.42,0.84
interview,1,1,96,42.43,,,,21.14,,,,,38.22,0.39
debugging,0,5,100,,,88.02,92.09,0.0,7.0,6.0,pass,True,,
battle,2,1,151,38.11,47.06,,,25.25,,,,,32.39,0.33
coding,2,1,170,,,62.51,38.08,28.88,8.0,4.0,fail,False,,
coding,3,4,169,,,79.21,77.5,38.57,6.0,5.0,pass,True,,
debugging,0,6,219,,,68.39,84.9,1.61,5.0,4.0,pass,True,,
battle,4,1,176,58.65,62.17,,,52.34,,,,,55.66,0.59
coding,5,1,215,,,44.81,27.33,72.69,12.0,6.0,fail,False,,
coding,2,2,244,,,22.51,9.89,18.88,5.0,1.0,error,False,,
interview,0,1,132,47.81,,,,8.17,,,,,51.72,0.55
interview,2,5,117,25.12,,,,17.33,,,,,24.17,0.23
battle,3,4,94,61.78,52.93,,,42.62,,,,,68.55,0.67
debugging,1,1,295,,,88.48,85.67,19.81,14.0,12.0,pass,True,,
debugging,2,2,242,,,34.01,28.14,36.29,8.0,3.0,fail,False,,
interview,3,6,247,47.23,,,,42.32,,,,,50.6,0.59
debugging,1,2,119,,,59.65,37.92,6.71,12.0,8.0,fail,False,,
coding,2,1,294,,,78.25,85.88,34.7,9.0,7.0,pass,True,,
debugging,5,6,112,,,23.8,10.02,74.22,5.0,1.0,error,False,,
debugging,5,3,136,,,49.07,38.82,83.03,13.0,8.0,fail,False,,
interview,4,3,102,70.48,,,,70.98,,,,,67.15,0.69
coding,4,5,105,,,35.83,31.69,56.21,7.0,3.0,fail,False,,
coding,4,4,267,,,43.18,28.91,55.06,14.0,6.0,fail,False,,
battle,2,2,118,54.8,84.78,,,16.11,,,,,58.41,0.6
coding,0,5,269,,,37.11,9.58,1.26,13.0,4.0,fail,False,,
debugging,1,2,131,,,67.96,80.83,13.24,5.0,4.0,pass,True,,
debugging,2,4,279,,,63.46,43.87,32.75,9.0,6.0,fail,False,,
coding,3,5,102,,,24.98,24.29,39.78,14.0,4.0,error,False,,
interview,0,5,132,41.29,,,,0.41,,,,,44.48,0.47
debugging,5,6,246,,,55.42,50.84,83.96,11.0,7.0,fail,False,,
coding,2,2,94,,,46.11,27.62,33.78,12.0,5.0,fail,False,,
coding,5,3,103,,,10.65,8.63,64.82,12.0,2.0,error,False,,
debugging,2,6,147,,,14.86,5.5,42.06,10.0,2.0,error,False,,
coding,1,5,255,,,16.07,19.61,16.47,9.0,2.0,error,False,,
coding,0,2,88,,,55.96,43.79,9.88,5.0,3.0,fail,False,,
interview,0,1,297,29.03,,,,0.0,,,,,27.02,0.28
interview,1,2,160,39.85,,,,14.68,,,,,48.04,0.49
interview,0,4,90,18.35,,,,6.77,,,,,23.47,0.22
debugging,0,3,276,,,47.42,24.09,0.55,6.0,3.0,fail,False,,
battle,5,3,56,76.41,73.66,,,94.83,,,,,78.02,0.79
debugging,0,3,266,,,49.34,25.95,9.03,11.0,6.0,fail,False,,
battle,5,6,146,76.0,56.19,,,75.66,,,,,79.45,0.77
interview,4,2,257,80.64,,,,53.27,,,,,76.66,0.77
debugging,3,1,197,,,28.63,30.41,44.13,6.0,3.0,fail,False,,
battle,0,1,224,54.6,63.98,,,0.0,,,,,44.13,0.49
coding,5,2,90,,,76.19,85.84,87.84,5.0,4.0,pass,True,,
debugging,4,6,76,,,12.28,21.3,59.5,9.0,2.0,error,False,,
coding,0,4,52,,,21.93,20.36,3.3,8.0,4.0,fail,False,,
battle,0,2,74,61.13,51.07,,,0.0,,,,,40.94,0.4
interview,2,5,142,32.15,,,,31.7,,,,,35.27,0.36
coding,3,5,145,,,50.37,35.17,29.43,5.0,3.0,fail,False,,
interview,4,2,88,17.63,,,,64.88,,,,,22.48,0.22
battle,3,5,270,39.31,22.51,,,40.12,,,,,30.09,0.31
battle,0,4,258,45.21,52.76,,,0.67,,,,,49.67,0.55
debugging,3,3,273,,,20.14,25.54,46.92,10.0,4.0,fail,False,,
battle,2,6,73,75.43,56.0,,,20.21,,,,,85.2,0.87
battle,4,6,188,87.04,43.04,,,67.57,,,,,85.41,0.9
coding,1,1,106,,,55.28,48.22,1.07,6.0,4.0,fail,False,,
battle,0,2,277,94.62,73.45,,,0.0,,,,,93.99,0.97
coding,4,5,180,,,61.47,54.45,67.62,12.0,8.0,fail,False,,
battle,3,4,150,28.99,45.04,,,45.08,,,,,29.21,0.3
coding,1,1,229,,,59.07,49.34,23.27,8.0,5.0,fail,False,,
interview,2,2,166,67.74,,,,34.89,,,,,75.66,0.73
battle,4,2,228,38.55,50.11,,,66.63,,,,,38.72,0.42
battle,4,4,101,22.45,47.5,,,48.33,,,,,30.48,0.35
coding,4,6,46,,,38.33,32.93,60.18,13.0,5.0,fail,False,,
debugging,1,2,257,,,58.1,39.13,15.7,9.0,5.0,fail,False,,
coding,1,6,66,,,72.28,80.91,5.37,11.0,8.0,pass,True,,
interview,0,6,217,56.16,,,,0.0,,,,,55.75,0.63
coding,5,4,154,,,52.53,42.66,91.14,5.0,3.0,fail,False,,
battle,4,2,154,60.62,60.65,,,52.75,,,,,53.4,0.62
debugging,1,1,165,,,51.44,50.59,21.57,6.0,4.0,fail,False,,
battle,0,6,164,61.16,51.34,,,0.0,,,,,62.01,0.68
battle,3,1,258,90.37,76.99,,,44.59,,,,,85.61,0.89
battle,5,2,239,100.0,70.99,,,68.97,,,,,92.11,0.92
coding,5,3,226,,,60.82,32.91,72.78,6.0,4.0,fail,False,,
coding,4,5,115,,,49.69,34.83,55.89,5.0,3.0,fail,False,,
coding,1,5,152,,,28.22,12.21,20.74,8.0,2.0,error,False,,
coding,4,5,110,,,60.23,56.69,63.4,13.0,9.0,fail,False,,
battle,4,5,76,67.53,57.98,,,60.52,,,,,59.3,0.61
debugging,2,5,59,,,35.57,17.66,35.06,11.0,4.0,fail,False,,
interview,0,5,249,72.69,,,,0.0,,,,,69.95,0.67
battle,2,3,119,75.29,70.16,,,27.99,,,,,66.9,0.77
interview,3,4,204,15.09,,,,41.57,,,,,19.41,0.21
coding,5,2,141,,,14.45,18.59,61.85,9.0,2.0,error,False,,
battle,4,3,153,30.86,49.51,,,62.79,,,,,27.1,0.31
debugging,3,6,166,,,39.8,37.23,44.14,14.0,6.0,fail,False,,
coding,2,3,57,,,21.95,8.97,21.76,9.0,2.0,error,False,,
interview,3,5,95,95.94,,,,30.37,,,,,82.07,0.94
debugging,3,6,199,,,89.42,100.0,43.42,10.0,9.0,pass,True,,
interview,4,3,217,87.16,,,,70.31,,,,,85.45,0.87
debugging,5,6,58,,,45.41,31.31,71.95,9.0,4.0,fail,False,,
battle,1,2,227,7.78,37.88,,,15.15,,,,,23.05,0.22
coding,4,5,50,,,51.46,37.03,69.29,5.0,2.0,fail,False,,
debugging,3,6,283,,,12.98,11.59,51.06,5.0,1.0,error,False,,
battle,3,4,47,31.07,52.67,,,43.89,,,,,36.6,0.38
interview,1,1,255,60.76,,,,21.1,,,,,52.71,0.53
debugging,2,5,150,,,19.83,8.26,28.92,8.0,2.0,error,False,,
interview,5,6,220,97.75,,,,67.23,,,,,94.11,0.92
coding,5,1,279,,,77.79,96.19,70.54,12.0,10.0,pass,True,,
interview,1,5,193,33.82,,,,17.71,,,,,28.85,0.29
debugging,2,5,223,,,41.43,32.36,26.5,14.0,7.0,fail,False,,
debugging,1,2,213,,,52.16,44.6,4.67,14.0,7.0,fail,False,,
debugging,0,3,223,,,41.22,25.64,3.46,6.0,3.0,fail,False,,
coding,5,2,46,,,66.84,52.92,94.59,10.0,7.0,fail,False,,
battle,5,1,276,32.63,40.72,,,73.98,,,,,25.8,0.26
coding,0,4,50,,,71.04,79.07,1.35,7.0,5.0,pass,True,,
battle,2,5,117,52.07,52.02,,,41.29,,,,,43.91,0.43
debugging,0,1,78,,,41.26,32.6,5.54,11.0,6.0,fail,False,,
debugging,3,6,80,,,31.77,31.48,47.05,5.0,2.0,fail,False,,
coding,3,5,138,,,80.02,93.59,38.12,10.0,9.0,pass,True,,
coding,0,1,265,,,84.63,90.52,0.0,14.0,13.0,pass,True,,
interview,5,3,284,52.26,,,,78.36,,,,,42.8,0.41
interview,4,4,162,36.7,,,,64.51,,,,,33.57,0.39
battle,5,3,280,8.08,34.51,,,67.55,,,,,19.41,0.21
debugging,2,3,37,,,51.43,31.64,38.57,8.0,4.0,fail,False,,
battle,5,5,124,44.85,42.27,,,66.66,,,,,38.27,0.42
interview,2,4,278,69.08,,,,25.9,,,,,76.2,0.76
battle,1,1,31,68.82,90.56,,,5.84,,,,,64.76,0.75
battle,3,3,265,62.11,57.16,,,52.71,,,,,56.33,0.58
coding,2,4,58,,,36.06,19.13,29.26,13.0,4.0,fail,False,,
battle,4,6,272,76.09,56.88,,,56.9,,,,,72.67,0.84
coding,2,4,292,,,37.92,24.87,26.89,5.0,2.0,fail,False,,
battle,2,1,105,54.03,64.5,,,36.81,,,,,47.52,0.52
interview,3,4,33,74.68,,,,33.91,,,,,84.76,0.96
battle,3,2,104,59.45,66.01,,,43.35,,,,,53.0,0.53
coding,1,2,295,,,24.8,36.91,13.28,11.0,5.0,fail,False,,
battle,3,3,126,48.59,52.03,,,50.92,,,,,54.33,0.53
battle,3,6,250,89.28,56.15,,,45.2,,,,,80.1,0.92
battle,3,3,279,77.54,64.68,,,35.64,,,,,75.14,0.81
interview,1,2,274,78.26,,,,9.67,,,,,70.78,0.83
coding,5,4,48,,,33.49,7.17,68.94,7.0,2.0,error,False,,
battle,4,3,68,74.18,65.92,,,61.82,,,,,65.64,0.72
coding,5,5,226,,,58.5,37.96,72.17,8.0,5.0,fail,False,,
interview,1,5,263,60.25,,,,26.54,,,,,44.77,0.52
coding,2,3,118,,,64.9,79.53,33.06,7.0,5.0,pass,True,,
interview,2,4,128,62.9,,,,24.3,,,,,52.53,0.52
battle,2,2,124,26.17,47.32,,,31.7,,,,,23.31,0.27
battle,2,1,97,73.25,67.57,,,30.67,,,,,64.13,0.72
battle,5,1,37,22.76,51.49,,,72.52,,,,,25.09,0.25
interview,0,1,282,39.48,,,,0.0,,,,,42.86,0.47
coding,0,6,229,,,56.97,53.45,2.54,12.0,7.0,fail,False,,
interview,5,3,64,52.7,,,,84.86,,,,,56.98,0.55
battle,1,2,157,16.21,43.87,,,18.71,,,,,20.45,0.21
interview,2,2,268,41.81,,,,13.33,,,,,43.46,0.44
debugging,4,3,256,,,43.2,25.34,62.06,13.0,6.0,fail,False,,
coding,3,5,100,,,69.25,50.44,47.82,9.0,6.0,fail,False,,
coding,2,1,143,,,2.79,5.22,38.56,12.0,2.0,error,False,,
battle,2,5,209,77.12,54.05,,,34.22,,,,,68.86,0.77
battle,5,3,87,91.79,67.79,,,69.28,,,,,78.94,0.92
interview,3,5,262,35.35,,,,37.73,,,,,24.74,0.29
coding,4,1,205,,,22.81,29.6,62.18,6.0,2.0,fail,False,,
debugging,4,4,90,,,63.42,86.52,47.82,14.0,10.0,pass,True,,
interview,1,4,121,81.41,,,,15.33,,,,,88.3,0.87
battle,5,2,207,44.41,45.66,,,78.39,,,,,40.39,0.41
debugging,2,3,199,,,58.74,51.23,26.56,6.0,4.0,fail,False,,
battle,2,2,92,71.48,69.51,,,22.29,,,,,67.46,0.76
debugging,4,4,69,,,22.6,10.3,59.32,11.0,3.0,error,False,,
battle,4,2,207,27.06,55.08,,,49.1,,,,,30.81,0.34
interview,3,5,248,24.5,,,,58.23,,,,,18.87,0.22
coding,3,5,200,,,69.08,92.8,47.69,8.0,7.0,pass,True,,
coding,2,3,70,,,83.39,91.75,25.44,13.0,12.0,pass,True,,
interview,5,5,242,70.44,,,,82.12,,,,,74.8,0.76
battle,3,6,214,70.15,51.16,,,44.42,,,,,76.79,0.79
debugging,2,3,47,,,61.51,86.86,36.0,11.0,9.0,pass,True,,
interview,3,5,208,83.65,,,,33.09,,,,,96.82,0.96
battle,4,5,199,96.14,59.58,,,67.12,,,,,89.69,0.88
coding,4,5,47,,,37.35,25.66,43.35,5.0,2.0,fail,False,,
debugging,0,3,253,,,55.25,40.57,4.99,9.0,5.0,fail,False,,
coding,2,2,197,,,51.24,39.22,24.68,10.0,6.0,fail,False,,
debugging,3,6,274,,,59.32,32.3,44.71,13.0,8.0,fail,False,,
battle,5,6,165,37.36,48.06,,,67.49,,,,,43.52,0.42
battle,0,1,117,98.32,82.46,,,5.62,,,,,88.43,0.97
debugging,4,6,260,,,1.93,4.96,66.36,7.0,1.0,error,False,,
interview,3,5,221,91.06,,,,38.53,,,,,89.05,0.9
battle,4,6,106,27.41,35.56,,,55.34,,,,,26.93,0.29
battle,4,1,105,50.04,63.82,,,57.16,,,,,43.63,0.47
debugging,5,2,275,,,23.42,15.25,82.5,10.0,2.0,error,False,,
battle,0,5,80,78.36,63.62,,,9.18,,,,,68.58,0.75
battle,4,3,91,82.55,68.0,,,65.6,,,,,82.03,0.84
interview,0,3,33,79.98,,,,11.08,,,,,84.72,0.97
debugging,0,3,214,,,76.42,97.22,0.0,8.0,7.0,pass,True,,
interview,4,6,117,79.55,,,,68.65,,,,,67.61,0.73
coding,3,5,269,,,47.77,21.81,45.44,5.0,2.0,fail,False,,
debugging,1,4,56,,,70.28,96.93,20.72,8.0,7.0,pass,True,,
debugging,2,5,289,,,31.11,29.58,32.32,9.0,4.0,fail,False,,
debugging,1,6,224,,,11.84,22.41,23.31,13.0,3.0,error,False,,
battle,3,1,92,32.38,65.71,,,39.64,,,,,31.19,0.31
debugging,2,4,288,,,30.48,6.86,34.49,9.0,2.0,error,False,,
debugging,1,5,59,,,93.26,88.48,3.09,14.0,12.0,pass,True,,
debugging,0,1,177,,,72.19,90.47,0.0,9.0,8.0,pass,True,,
interview,5,4,56,61.78,,,,72.42,,,,,59.63,0.61
coding,3,4,63,,,82.99,81.31,45.28,13.0,11.0,pass,True,,
debugging,1,6,195,,,72.26,97.08,3.65,7.0,6.0,pass,True,,
coding,2,5,253,,,48.59,59.76,30.09,9.0,5.0,fail,False,,
interview,4,1,89,76.07,,,,72.17,,,,,84.87,0.81
interview,5,2,191,68.85,,,,68.25,,,,,85.24,0.92
coding,4,2,64,,,67.81,77.86,63.37,6.0,5.0,pass,True,,
debugging,1,3,185,,,50.61,45.23,14.91,5.0,3.0,fail,False,,
debugging,0,6,57,,,25.61,23.35,12.67,11.0,4.0,fail,False,,
interview,0,4,159,23.49,,,,0.0,,,,,20.0,0.21
interview,3,4,256,62.82,,,,45.71,,,,,52.22,0.57
battle,5,4,194,85.94,73.53,,,78.94,,,,,94.58,0.92
battle,1,4,89,83.85,72.47,,,20.62,,,,,80.95,0.79
interview,0,5,254,100.0,,,,0.0,,,,,96.98,0.95
interview,1,4,42,35.46,,,,22.86,,,,,32.6,0.32
battle,5,4,159,36.5,49.02,,,75.06,,,,,22.91,0.26
debugging,5,6,44,,,22.98,23.15,75.17,13.0,4.0,fail,False,,
battle,5,1,83,76.23,80.57,,,69.13,,,,,79.19,0.88
interview,5,5,187,33.75,,,,81.63,,,,,33.51,0.33
battle,4,5,114,35.91,29.82,,,51.85,,,,,36.45,0.4
debugging,5,5,173,,,32.18,14.73,84.38,14.0,4.0,error,False,,
debugging,1,6,81,,,35.13,29.42,8.59,7.0,3.0,fail,False,,
coding,4,1,189,,,53.36,41.16,59.53,10.0,7.0,fail,False,,
interview,1,4,140,78.23,,,,6.4,,,,,76.97,0.81
coding,3,2,139,,,56.74,42.04,39.19,9.0,5.0,fail,False,,
debugging,2,6,107,,,37.15,26.17,23.49,5.0,2.0,fail,False,,
debugging,2,5,53,,,62.68,81.36,37.07,10.0,8.0,pass,True,,
interview,2,6,132,46.51,,,,30.88,,,,,40.61,0.45
battle,3,5,154,85.13,67.65,,,49.48,,,,,76.93,0.9
coding,5,1,61,,,82.87,95.47,71.64,13.0,12.0,pass,True,,
battle,2,4,262,56.7,50.14,,,29.9,,,,,50.58,0.56
interview,5,3,43,59.24,,,,71.88,,,,,55.51,0.56
coding,2,5,204,,,85.0,97.87,21.81,14.0,13.0,pass,True,,
battle,1,1,126,53.64,67.36,,,12.02,,,,,46.12,0.46
interview,0,4,225,80.5,,,,0.0,,,,,79.96,0.88
interview,0,1,229,92.03,,,,0.0,,,,,88.12,0.95
battle,5,3,113,73.8,67.21,,,78.55,,,,,88.63,0.9
interview,5,6,263,32.22,,,,72.79,,,,,21.91,0.22
interview,0,3,54,91.46,,,,4.62,,,,,76.02,0.86
coding,0,6,170,,,66.34,80.95,11.44,8.0,6.0,pass,True,,
coding,5,4,69,,,33.1,12.0,76.24,5.0,2.0,fail,False,,
debugging,5,6,69,,,20.75,28.52,69.52,11.0,4.0,fail,False,,
coding,4,2,292,,,62.25,48.97,63.08,6.0,4.0,fail,False,,
debugging,5,4,44,,,63.33,58.24,82.4,13.0,9.0,fail,False,,
interview,5,6,97,30.02,,,,64.13,,,,,24.68,0.26
battle,3,4,281,56.04,49.21,,,51.13,,,,,46.67,0.47
debugging,3,4,107,,,79.54,98.7,54.77,7.0,6.0,pass,True,,
battle,4,3,93,27.93,55.21,,,57.84,,,,,41.63,0.44
battle,0,1,236,72.25,53.86,,,6.06,,,,,64.64,0.7
debugging,4,1,131,,,18.29,8.46,59.47,7.0,1.0,error,False,,
debugging,5,1,139,,,68.72,77.29,74.11,7.0,5.0,pass,True,,
debugging,3,4,71,,,30.09,26.7,45.16,12.0,3.0,error,False,,
coding,2,1,49,,,58.4,84.81,23.36,14.0,10.0,pass,True,,
interview,5,5,223,51.2,,,,87.5,,,,,56.43,0.59
interview,3,2,63,32.48,,,,43.54,,,,,29.45,0.29
interview,0,5,91,84.45,,,,4.68,,,,,96.72,0.96
debugging,3,6,223,,,75.03,89.99,47.16,13.0,11.0,pass,True,,
debugging,5,3,181,,,61.18,81.13,62.83,11.0,8.0,pass,True,,
battle,0,5,125,60.68,58.38,,,4.61,,,,,55.11,0.55
interview,2,5,181,63.47,,,,32.5,,,,,47.22,0.55
debugging,4,1,145,,,19.59,20.38,59.2,13.0,3.0,error,False,,
interview,5,4,128,47.42,,,,73.59,,,,,49.81,0.48
battle,0,6,98,76.39,67.18,,,0.0,,,,,77.15,0.76
interview,2,3,165,50.73,,,,44.15,,,,,57.65,0.64
debugging,4,1,195,,,60.57,46.17,46.51,14.0,9.0,fail,False,,
battle,0,4,162,47.73,44.04,,,7.76,,,,,38.87,0.4
interview,4,3,89,53.74,,,,70.07,,,,,60.78,0.63
coding,0,5,154,,,43.57,56.82,12.97,6.0,3.0,fail,False,,
coding,3,1,97,,,31.79,17.26,44.6,14.0,5.0,fail,False,,
coding,0,6,235,,,17.42,23.14,0.0,12.0,4.0,fail,False,,
debugging,2,1,164,,,35.58,23.65,26.77,5.0,2.0,fail,False,,
debugging,4,3,222,,,43.89,27.15,55.14,13.0,6.0,fail,False,,
coding,0,6,149,,,37.28,19.33,5.03,11.0,3.0,error,False,,
battle,4,6,96,81.11,60.66,,,67.49,,,,,75.58,0.75
battle,0,5,141,26.55,46.23,,,0.0,,,,,40.07,0.4
interview,0,5,211,35.2,,,,15.42,,,,,53.32,0.56
debugging,0,1,288,,,61.07,82.76,7.76,7.0,5.0,pass,True,,
interview,2,4,184,83.92,,,,22.39,,,,,74.86,0.76
coding,3,5,175,,,28.43,22.24,35.63,9.0,3.0,fail,False,,
interview,3,5,59,46.83,,,,44.54,,,,,41.49,0.46
coding,3,5,44,,,42.38,25.39,40.82,7.0,3.0,fail,False,,
debugging,2,5,43,,,57.88,91.17,34.79,11.0,8.0,pass,True,,
battle,3,4,77,57.64,56.7,,,39.44,,,,,54.1,0.63
coding,4,6,150,,,56.25,35.46,68.56,12.0,6.0,fail,False,,
coding,1,1,98,,,71.74,73.84,4.31,10.0,8.0,pass,True,,
debugging,2,5,219,,,22.79,11.94,27.11,10.0,3.0,error,False,,
coding,2,1,209,,,18.98,25.75,24.27,12.0,3.0,error,False,,
debugging,4,3,175,,,56.91,25.79,59.84,9.0,4.0,fail,False,,
coding,5,1,72,,,35.9,36.15,79.65,13.0,6.0,fail,False,,
coding,1,6,139,,,41.13,27.9,24.11,13.0,7.0,fail,False,,
debugging,3,1,86,,,49.36,16.74,40.39,9.0,4.0,fail,False,,
interview,0,2,185,75.46,,,,0.85,,,,,59.24,0.67
coding,0,2,240,,,40.3,52.1,12.57,12.0,5.0,fail,False,,
coding,4,2,125,,,23.78,17.8,63.78,11.0,3.0,error,False,,
debugging,2,6,239,,,84.11,85.68,35.58,11.0,9.0,pass,True,,
coding,1,5,210,,,61.74,41.39,17.8,9.0,6.0,fail,False,,
debugging,0,6,33,,,25.64,18.01,0.0,14.0,4.0,error,False,,
interview,4,6,49,68.74,,,,56.03,,,,,70.04,0.8
debugging,1,6,163,,,97.28,100.0,14.59,11.0,10.0,pass,True,,
battle,4,6,54,91.35,71.37,,,54.89,,,,,81.98,0.88
debugging,2,1,214,,,43.33,21.38,32.86,10.0,4.0,fail,False,,
interview,3,6,141,43.72,,,,40.68,,,,,49.88,0.58
battle,1,2,210,83.48,60.48,,,17.74,,,,,82.51,0.91
battle,3,2,60,97.94,75.88,,,39.08,,,,,88.14,0.9
battle,3,1,161,97.67,84.04,,,54.56,,,,,99.76,0.96
debugging,5,5,101,,,14.09,11.82,81.26,5.0,1.0,error,False,,
debugging,2,4,295,,,11.63,1.34,45.89,8.0,1.0,error,False,,
debugging,5,5,136,,,43.51,39.77,71.5,11.0,6.0,fail,False,,
coding,5,4,238,,,0.67,13.39,70.33,11.0,2.0,error,False,,
interview,2,5,77,17.67,,,,26.51,,,,,25.8,0.26
coding,4,2,145,,,45.28,30.3,63.28,14.0,8.0,fail,False,,
battle,3,4,185,72.59,59.31,,,41.76,,,,,81.71,0.78
debugging,0,3,104,,,57.47,49.62,0.0,13.0,9.0,fail,False,,
battle,2,4,249,24.19,33.06,,,15.66,,,,,25.13,0.29
interview,2,1,175,50.89,,,,26.38,,,,,46.43,0.45
interview,5,2,162,86.2,,,,65.98,,,,,85.09,0.83
interview,4,6,120,46.42,,,,68.17,,,,,46.0,0.47
debugging,1,1,40,,,15.38,9.05,21.94,11.0,2.0,error,False,,
coding,1,2,238,,,36.66,29.3,10.37,9.0,4.0,fail,False,,
interview,2,6,97,41.09,,,,22.03,,,,,48.85,0.48
interview,1,1,266,43.25,,,,15.21,,,,,33.33,0.32
coding,1,5,80,,,28.73,24.9,15.72,8.0,2.0,error,False,,
interview,4,4,136,41.05,,,,52.73,,,,,34.35,0.33
interview,4,6,144,43.73,,,,70.13,,,,,46.64,0.51
coding,5,1,202,,,39.97,34.31,67.11,11.0,4.0,fail,False,,
debugging,0,2,201,,,48.59,36.5,3.01,11.0,5.0,fail,False,,
battle,4,5,82,100.0,78.05,,,67.66,,,,,91.12,0.96
debugging,1,5,281,,,59.0,53.64,16.58,11.0,7.0,fail,False,,
coding,3,3,262,,,21.01,19.98,38.42,14.0,3.0,error,False,,
battle,2,3,112,58.07,44.45,,,23.22,,,,,45.01,0.51
debugging,3,6,100,,,16.09,13.69,30.82,5.0,1.0,error,False,,
interview,5,3,119,29.8,,,,78.82,,,,,36.6,0.42
coding,4,2,32,,,27.25,31.7,67.91,7.0,2.0,error,False,,
interview,0,5,145,48.88,,,,6.25,,,,,42.18,0.48
coding,3,1,267,,,15.9,16.47,50.25,6.0,2.0,fail,False,,
coding,4,2,35,,,71.38,79.89,72.95,9.0,7.0,pass,True,,
interview,5,5,79,37.29,,,,69.95,,,,,30.3,0.33
interview,0,2,291,34.34,,,,0.0,,,,,42.23,0.41
interview,5,5,47,79.22,,,,75.55,,,,,64.81,0.7
debugging,5,4,233,,,44.53,38.09,78.11,14.0,6.0,fail,False,,
battle,3,5,271,22.67,33.12,,,54.68,,,,,27.05,0.29
interview,2,2,286,82.39,,,,31.37,,,,,80.91,0.95
battle,3,1,296,64.85,50.07,,,39.27,,,,,58.99,0.58
interview,2,2,132,21.3,,,,25.88,,,,,21.24,0.23
battle,3,2,134,22.85,47.45,,,41.2,,,,,24.21,0.27
battle,3,5,61,54.9,53.47,,,45.72,,,,,68.17,0.66
interview,0,6,230,37.82,,,,12.59,,,,,31.54,0.36
coding,2,2,170,,,17.02,0.16,43.19,8.0,1.0,error,False,,
coding,2,2,194,,,62.86,46.05,35.58,7.0,4.0,fail,False,,
battle,1,5,275,34.1,41.81,,,5.82,,,,,34.04,0.36
interview,0,1,269,96.25,,,,5.1,,,,,80.25,0.93
battle,0,1,115,94.76,85.72,,,0.0,,,,,84.68,0.86
battle,2,1,249,74.02,61.17,,,33.73,,,,,74.87,0.72
debugging,5,5,159,,,49.82,41.33,61.63,10.0,5.0,fail,False,,
coding,3,2,132,,,60.84,47.94,30.82,13.0,9.0,fail,False,,
battle,2,4,47,43.76,30.52,,,34.38,,,,,30.45,0.34
debugging,0,2,187,,,75.53,86.48,0.0,5.0,4.0,pass,True,,
interview,2,5,60,47.02,,,,26.34,,,,,43.39,0.44
coding,1,3,109,,,23.39,15.74,4.98,13.0,3.0,error,False,,
debugging,3,5,151,,,49.49,45.3,43.45,13.0,6.0,fail,False,,
interview,0,6,187,27.33,,,,4.92,,,,,26.6,0.3
debugging,1,5,142,,,42.4,37.92,26.15,14.0,5.0,fail,False,,
battle,0,4,137,75.97,55.59,,,6.93,,,,,68.45,0.65
battle,4,5,107,38.25,28.15,,,53.0,,,,,42.01,0.46
debugging,5,2,208,,,28.93,17.88,78.81,14.0,5.0,fail,False,,
coding,1,5,240,,,85.32,90.41,25.69,10.0,8.0,pass,True,,
coding,4,6,143,,,74.33,93.33,70.51,14.0,13.0,pass,True,,
debugging,1,5,48,,,69.41,94.17,23.19,10.0,9.0,pass,True,,
interview,5,6,132,62.49,,,,82.42,,,,,51.27,0.56
interview,0,1,43,84.59,,,,0.0,,,,,95.41,0.92
debugging,3,2,66,,,77.74,88.05,41.6,7.0,6.0,pass,True,,
interview,3,1,104,65.34,,,,50.41,,,,,50.69,0.59
debugging,2,6,85,,,24.03,22.11,27.42,14.0,4.0,error,False,,
coding,0,5,270,,,66.2,97.36,5.37,6.0,5.0,pass,True,,
debugging,4,1,241,,,18.99,16.2,53.66,5.0,1.0,error,False,,
interview,2,3,229,50.7,,,,19.61,,,,,42.26,0.49
battle,3,3,162,53.19,50.85,,,47.03,,,,,54.54,0.57
coding,5,2,175,,,64.05,71.4,75.62,12.0,9.0,pass,True,,
interview,4,4,95,90.98,,,,57.96,,,,,93.25,0.92
debugging,3,2,292,,,34.84,13.67,40.52,7.0,2.0,error,False,,
debugging,5,6,235,,,66.5,77.52,75.24,8.0,6.0,pass,True,,
interview,3,4,209,43.04,,,,40.12,,,,,49.0,0.51
battle,1,4,52,79.86,59.77,,,20.64,,,,,72.62,0.69
coding,3,1,192,,,50.47,32.4,38.5,5.0,3.0,fail,False,,
battle,1,6,56,92.47,87.93,,,19.85,,,,,97.9,0.99
coding,0,4,70,,,16.65,9.76,2.29,12.0,3.0,error,False,,
interview,4,4,107,94.03,,,,52.97,,,,,94.06,0.92
battle,1,5,81,52.74,46.77,,,16.02,,,,,56.69,0.59
debugging,0,1,278,,,43.64,40.29,9.46,6.0,3.0,fail,False,,
debugging,0,4,108,,,35.24,35.45,0.0,5.0,2.0,fail,False,,
interview,2,1,227,61.32,,,,37.58,,,,,62.61,0.63
debugging,5,2,144,,,19.55,27.41,82.12,5.0,2.0,fail,False,,
debugging,3,1,42,,,29.02,13.23,60.78,6.0,1.0,error,False,,
interview,4,3,273,39.4,,,,66.67,,,,,32.39,0.36
debugging,2,3,133,,,71.76,98.28,22.44,9.0,8.0,pass,True,,
debugging,4,5,78,,,54.1,49.06,69.34,10.0,7.0,fail,False,,
battle,1,2,160,85.98,91.05,,,18.43,,,,,87.31,0.89
coding,4,1,137,,,51.04,32.16,57.77,8.0,4.0,fail,False,,
debugging,2,6,112,,,21.87,16.71,23.26,13.0,5.0,fail,False,,
interview,2,4,176,45.5,,,,31.65,,,,,43.13,0.41
battle,0,2,114,42.0,54.28,,,0.0,,,,,34.52,0.4
coding,5,6,267,,,62.14,40.91,83.07,5.0,3.0,fail,False,,
coding,3,3,162,,,99.34,92.02,41.53,13.0,12.0,pass,True,,
coding,4,1,269,,,45.12,36.35,47.7,5.0,3.0,fail,False,,
interview,5,6,116,64.26,,,,78.58,,,,,52.61,0.62
coding,4,3,276,,,52.97,39.2,51.74,8.0,5.0,fail,False,,
debugging,2,3,279,,,8.37,0.0,36.15,6.0,1.0,error,False,,
battle,4,1,69,65.96,66.23,,,55.19,,,,,59.16,0.63
debugging,4,6,78,,,16.14,17.54,56.58,10.0,3.0,error,False,,
interview,0,4,178,33.01,,,,0.0,,,,,42.03,0.43
debugging,3,1,79,,,66.93,74.92,36.66,10.0,8.0,pass,True,,
coding,5,1,123,,,34.8,33.54,83.86,5.0,2.0,fail,False,,
coding,1,4,222,,,31.49,36.48,14.85,11.0,4.0,fail,False,,
battle,2,5,131,37.29,35.27,,,38.43,,,,,32.48,0.33
debugging,0,1,107,,,35.89,26.33,0.96,10.0,5.0,fail,False,,
interview,3,5,121,35.29,,,,45.38,,,,,30.35,0.35
debugging,2,6,223,,,60.4,39.58,39.53,6.0,4.0,fail,False,,
battle,2,5,44,48.01,51.01,,,36.0,,,,,31.13,0.36
interview,3,4,255,81.49,,,,45.26,,,,,68.26,0.72
interview,0,6,73,79.89,,,,0.0,,,,,66.52,0.72
coding,3,6,72,,,76.04,81.76,37.46,11.0,9.0,pass,True,,
interview,3,4,74,80.15,,,,38.15,,,,,65.7,0.76
debugging,5,3,257,,,42.38,33.15,60.67,14.0,6.0,fail,False,,
interview,2,3,143,87.62,,,,19.69,,,,,95.7,0.91
coding,2,5,191,,,55.06,40.06,38.71,11.0,6.0,fail,False,,
coding,5,3,125,,,87.4,86.09,72.93,10.0,9.0,pass,True,,
debugging,0,6,54,,,68.19,73.55,4.45,14.0,11.0,pass,True,,
battle,5,1,166,65.85,63.7,,,73.12,,,,,50.85,0.54
interview,0,3,79,72.47,,,,7.48,,,,,66.53,0.75
coding,2,2,110,,,53.09,76.6,29.89,8.0,6.0,pass,True,,
debugging,2,5,123,,,61.66,93.4,35.91,5.0,4.0,pass,True,,
coding,2,4,241,,,56.67,28.45,41.04,14.0,8.0,fail,False,,
debugging,5,1,272,,,70.19,44.58,80.15,10.0,7.0,fail,False,,
interview,4,1,84,41.86,,,,55.9,,,,,40.72,0.4
battle,4,1,196,57.19,67.15,,,51.47,,,,,66.06,0.65
coding,3,3,59,,,27.82,17.19,46.35,9.0,2.0,error,False,,
coding,3,5,141,,,28.42,9.84,40.75,13.0,3.0,error,False,,
coding,3,3,273,,,70.69,91.88,63.89,5.0,4.0,pass,True,,
debugging,4,1,275,,,36.1,37.44,56.36,8.0,4.0,fail,False,,
interview,3,3,252,95.81,,,,38.92,,,,,85.35,0.98
debugging,4,6,61,,,20.42,22.08,63.23,6.0,2.0,fail,False,,
interview,4,6,72,53.11,,,,61.04,,,,,55.33,0.53
battle,1,1,81,28.71,51.37,,,1.07,,,,,26.76,0.26
coding,3,3,215,,,52.37,30.83,47.21,13.0,7.0,fail,False,,
coding,3,5,222,,,50.6,42.48,43.69,6.0,3.0,fail,False,,
debugging,2,3,130,,,45.47,31.26,21.29,9.0,4.0,fail,False,,
interview,3,2,225,49.39,,,,42.33,,,,,47.13,0.52
coding,5,6,93,,,27.33,29.43,93.77,9.0,3.0,fail,False,,
battle,0,6,184,75.46,46.43,,,3.2,,,,,77.61,0.77
battle,0,2,57,48.03,67.52,,,7.09,,,,,54.27,0.58
debugging,2,2,268,,,59.76,41.89,31.31,13.0,8.0,fail,False,,
interview,1,2,247,81.87,,,,18.67,,,,,74.69,0.78
interview,4,3,100,88.83,,,,55.95,,,,,82.79,0.93
battle,0,4,228,40.03,42.22,,,2.01,,,,,31.8,0.35
debugging,5,1,127,,,18.04,22.69,74.77,12.0,3.0,error,False,,
coding,3,2,287,,,66.82,72.9,46.1,11.0,8.0,pass,True,,
coding,2,1,46,,,23.9,9.76,26.72,11.0,2.0,error,False,,
coding,1,3,259,,,18.9,13.83,9.98,13.0,4.0,fail,False,,
battle,3,2,39,67.56,62.82,,,50.13,,,,,70.13,0.76
debugging,0,4,100,,,54.6,36.08,6.92,11.0,7.0,fail,False,,
interview,2,4,46,28.18,,,,26.04,,,,,31.45,0.36
interview,4,3,227,89.19,,,,65.05,,,,,92.3,0.9
coding,1,2,273,,,67.7,85.99,14.77,5.0,4.0,pass,True,,
coding,4,5,133,,,63.21,55.49,53.87,11.0,7.0,fail,False,,
debugging,3,3,205,,,59.81,51.91,44.83,10.0,7.0,fail,False,,
interview,1,6,124,29.53,,,,13.66,,,,,41.87,0.45
coding,1,2,203,,,36.96,25.56,17.39,14.0,6.0,fail,False,,
battle,2,1,274,42.34,55.51,,,37.9,,,,,35.13,0.36
battle,5,3,167,30.87,43.2,,,86.98,,,,,22.18,0.25
interview,4,3,192,92.78,,,,46.96,,,,,85.89,0.87
battle,4,4,135,55.81,69.85,,,61.31,,,,,51.25,0.6
interview,0,3,70,80.43,,,,0.4,,,,,71.91,0.84
debugging,5,6,242,,,33.03,34.5,84.05,5.0,2.0,fail,False,,
coding,5,2,218,,,75.31,82.63,76.46,13.0,11.0,pass,True,,
battle,2,5,142,73.54,47.72,,,30.46,,,,,60.17,0.65
interview,0,2,239,7.31,,,,0.0,,,,,23.11,0.23
coding,1,1,164,,,71.69,75.43,18.02,6.0,5.0,pass,True,,
interview,2,6,161,56.16,,,,29.14,,,,,60.02,0.64
interview,2,4,80,77.27,,,,29.33,,,,,74.07,0.86
battle,4,6,127,72.19,51.73,,,56.95,,,,,60.74,0.69
interview,0,2,209,66.09,,,,0.0,,,,,70.45,0.72
interview,4,5,42,84.61,,,,42.54,,,,,64.21,0.72
coding,1,6,59,,,0.0,7.66,14.24,6.0,1.0,error,False,,
coding,2,2,126,,,35.23,30.78,37.15,8.0,3.0,fail,False,,
interview,4,2,249,86.59,,,,55.21,,,,,83.89,0.89
debugging,0,2,224,,,21.03,17.72,0.0,6.0,2.0,fail,False,,
interview,0,4,121,67.47,,,,8.26,,,,,67.7,0.73
battle,3,2,156,39.12,51.18,,,43.67,,,,,34.99,0.34
coding,0,6,125,,,45.48,35.88,0.0,14.0,7.0,fail,False,,
interview,5,2,166,55.47,,,,62.49,,,,,51.39,0.52
interview,3,3,215,77.25,,,,47.69,,,,,70.87,0.73
battle,3,1,134,82.98,79.03,,,48.5,,,,,76.51,0.8
battle,3,1,156,35.63,52.72,,,51.43,,,,,36.24,0.38
coding,1,1,295,,,27.25,11.2,15.48,14.0,3.0,error,False,,
debugging,4,5,159,,,31.4,16.67,61.47,8.0,2.0,error,False,,
debugging,3,1,240,,,13.89,19.43,56.14,10.0,2.0,error,False,,
interview,3,4,195,66.96,,,,35.32,,,,,65.24,0.66
coding,0,1,194,,,75.52,81.64,2.86,5.0,4.0,pass,True,,
battle,4,1,290,77.65,81.29,,,67.62,,,,,83.9,0.95
battle,3,6,154,79.78,45.96,,,50.75,,,,,72.86,0.85
debugging,0,5,112,,,14.88,20.25,0.0,8.0,1.0,error,False,,
battle,2,4,236,44.6,55.77,,,32.26,,,,,49.2,0.51
interview,2,2,48,91.88,,,,44.36,,,,,97.08,0.96
battle,5,6,172,74.42,59.27,,,61.32,,,,,77.17,0.76
coding,0,6,236,,,32.08,51.33,0.0,7.0,4.0,fail,False,,
battle,3,3,169,93.48,72.44,,,52.11,,,,,90.09,0.94
interview,4,4,50,69.96,,,,70.98,,,,,60.38,0.71
battle,3,2,107,81.42,71.4,,,48.6,,,,,88.55,0.88
coding,5,6,220,,,58.13,77.45,71.54,14.0,10.0,pass,True,,
interview,2,6,134,13.31,,,,44.18,,,,,21.17,0.22
interview,4,3,271,66.62,,,,47.29,,,,,71.88,0.73
interview,2,2,197,38.58,,,,21.92,,,,,46.37,0.48
battle,3,2,263,58.09,52.37,,,57.79,,,,,62.35,0.67
battle,5,3,275,30.88,42.05,,,64.19,,,,,37.34,0.39
coding,1,6,137,,,53.57,39.51,18.78,8.0,5.0,fail,False,,
interview,4,3,290,36.39,,,,64.95,,,,,35.42,0.38
coding,0,6,98,,,21.25,21.54,0.32,13.0,3.0,error,False,,
battle,2,1,205,66.05,68.77,,,26.38,,,,,68.73,0.73
coding,1,2,291,,,70.77,89.74,7.45,14.0,10.0,pass,True,,
battle,0,5,224,37.52,14.97,,,0.0,,,,,21.19,0.22
interview,2,6,96,47.42,,,,48.43,,,,,46.69,0.47
battle,4,6,72,49.14,48.56,,,59.29,,,,,46.25,0.48
battle,2,1,98,8.83,55.21,,,36.26,,,,,23.05,0.23
coding,3,4,184,,,14.6,20.01,52.71,11.0,3.0,error,False,,
interview,2,5,282,45.74,,,,24.02,,,,,41.29,0.43
coding,1,3,125,,,59.46,49.9,19.79,10.0,7.0,fail,False,,
interview,5,3,179,44.78,,,,74.61,,,,,38.7,0.38
battle,0,1,164,56.11,55.75,,,0.0,,,,,48.59,0.55
interview,5,4,118,86.75,,,,75.89,,,,,84.63,0.96
interview,4,2,133,80.97,,,,61.24,,,,,86.74,0.87
debugging,0,2,271,,,16.44,17.6,2.62,9.0,1.0,error,False,,
debugging,2,1,107,,,59.76,84.16,36.14,8.0,6.0,pass,True,,
interview,1,3,47,76.9,,,,6.52,,,,,82.59,0.89
coding,3,3,241,,,78.94,88.4,42.5,7.0,6.0,pass,True,,
battle,1,1,289,67.95,72.84,,,19.67,,,,,73.59,0.84
debugging,1,2,161,,,60.75,88.65,25.45,10.0,8.0,pass,True,,
battle,1,2,183,31.11,53.21,,,12.12,,,,,36.2,0.35
coding,1,3,112,,,27.9,24.83,17.81,14.0,5.0,fail,False,,
interview,5,2,124,67.01,,,,74.82,,,,,61.91,0.71
coding,2,4,138,,,76.86,89.84,38.38,8.0,7.0,pass,True,,
battle,0,4,39,16.68,42.64,,,16.19,,,,,27.6,0.3
debugging,0,3,297,,,34.07,37.85,13.03,14.0,5.0,fail,False,,
battle,0,5,280,23.48,15.39,,,0.0,,,,,19.49,0.21
debugging,4,2,142,,,39.43,20.85,60.23,6.0,2.0,fail,False,,
debugging,2,1,181,,,75.16,89.65,25.27,7.0,6.0,pass,True,,
battle,1,5,61,41.41,46.28,,,16.26,,,,,53.35,0.54
interview,1,5,252,24.02,,,,10.52,,,,,30.19,0.31
interview,1,1,146,33.63,,,,3.8,,,,,30.28,0.31
coding,3,3,249,,,42.19,41.71,42.43,13.0,7.0,fail,False,,
battle,0,4,131,52.15,54.11,,,0.0,,,,,48.22,0.53
interview,2,2,251,77.3,,,,24.63,,,,,76.56,0.81
coding,4,3,167,,,54.47,39.03,62.12,13.0,8.0,fail,False,,
coding,5,5,172,,,62.92,86.8,78.89,14.0,12.0,pass,True,,
debugging,2,2,223,,,27.77,25.4,23.23,10.0,4.0,fail,False,,
debugging,3,5,142,,,54.81,36.53,56.19,6.0,4.0,fail,False,,
debugging,0,1,201,,,26.72,12.74,0.0,14.0,3.0,error,False,,
interview,3,2,53,33.59,,,,50.84,,,,,30.08,0.3
debugging,3,1,237,,,72.97,84.9,46.37,11.0,8.0,pass,True,,
debugging,0,5,207,,,42.12,30.12,6.96,9.0,5.0,fail,False,,
battle,2,5,35,25.37,41.57,,,25.72,,,,,19.28,0.2
coding,0,3,68,,,64.82,94.56,0.0,7.0,6.0,pass,True,,
debugging,3,2,59,,,59.18,40.19,44.75,9.0,6.0,fail,False,,
debugging,4,4,120,,,51.99,42.14,72.37,12.0,7.0,fail,False,,
debugging,0,5,145,,,31.94,24.42,0.0,14.0,4.0,error,False,,
interview,0,3,191,81.5,,,,0.0,,,,,78.42,0.76
debugging,2,6,178,,,72.0,85.43,31.22,7.0,6.0,pass,True,,
battle,2,6,245,54.77,44.15,,,28.58,,,,,51.35,0.52
battle,3,2,75,10.76,49.28,,,41.02,,,,,25.76,0.26
interview,1,2,276,16.54,,,,18.11,,,,,22.26,0.22
battle,5,4,74,100.0,75.61,,,75.13,,,,,93.32,0.91
coding,3,1,281,,,82.37,75.43,43.07,6.0,5.0,pass,True,,
debugging,1,5,79,,,78.69,91.74,24.36,9.0,8.0,pass,True,,
interview,3,1,160,17.74,,,,43.87,,,,,19.9,0.22
battle,1,2,43,18.6,64.39,,,11.17,,,,,29.5,0.34
battle,1,2,38,86.44,80.19,,,9.06,,,,,74.29,0.85
coding,3,2,66,,,69.04,86.17,46.65,9.0,7.0,pass,True,,
debugging,4,3,177,,,41.84,12.51,49.32,11.0,3.0,error,False,,
coding,4,4,161,,,9.54,7.27,57.11,6.0,1.0,error,False,,
debugging,0,4,299,,,61.54,42.4,0.0,5.0,3.0,fail,False,,
battle,3,4,218,78.75,58.2,,,37.18,,,,,69.7,0.81
debugging,1,1,291,,,52.32,50.93,14.93,9.0,6.0,fail,False,,
battle,4,6,240,75.15,43.07,,,57.46,,,,,61.41,0.67
battle,0,1,175,91.58,84.92,,,0.0,,,,,91.09,0.96
battle,2,1,184,13.98,39.57,,,36.39,,,,,17.79,0.21
interview,1,6,34,41.85,,,,5.86,,,,,46.42,0.44
interview,3,4,258,84.96,,,,33.4,,,,,72.3,0.71
battle,3,6,100,90.56,57.09,,,36.15,,,,,69.71,0.81
interview,5,5,289,67.97,,,,81.7,,,,,63.29,0.66
debugging,3,6,260,,,52.81,30.5,39.48,8.0,3.0,fail,False,,
battle,3,4,141,76.78,70.38,,,58.36,,,,,82.34,0.93
interview,5,6,196,39.56,,,,76.82,,,,,36.19,0.36
debugging,4,1,75,,,31.63,17.67,64.93,6.0,2.0,fail,False,,
battle,5,1,205,12.68,47.6,,,84.33,,,,,23.43,0.22
battle,1,4,111,37.19,38.96,,,0.0,,,,,28.31,0.3
interview,0,5,286,71.19,,,,0.32,,,,,73.71,0.7
debugging,0,5,87,,,75.0,81.24,7.85,5.0,4.0,pass,True,,
interview,1,1,201,33.83,,,,12.04,,,,,19.34,0.2
debugging,4,3,221,,,39.65,30.66,54.37,13.0,7.0,fail,False,,
debugging,3,4,292,,,72.31,83.79,56.81,7.0,6.0,pass,True,,
interview,5,6,233,90.13,,,,80.25,,,,,88.03,0.89
coding,3,3,258,,,69.91,91.75,51.3,11.0,9.0,pass,True,,
battle,5,4,251,16.09,17.92,,,80.01,,,,,17.37,0.2
debugging,0,1,189,,,45.65,39.53,0.0,12.0,8.0,fail,False,,
battle,3,2,71,91.17,80.53,,,49.41,,,,,84.46,0.93
coding,3,4,132,,,44.12,20.34,39.54,13.0,6.0,fail,False,,
battle,5,2,122,44.85,51.23,,,76.58,,,,,40.2,0.46
interview,2,5,184,27.95,,,,39.68,,,,,39.82,0.45
debugging,3,1,82,,,37.62,27.63,59.19,14.0,5.0,fail,False,,
battle,3,3,174,98.52,69.43,,,43.87,,,,,88.09,0.93
interview,3,3,293,48.05,,,,41.95,,,,,48.78,0.52
debugging,4,3,154,,,12.33,16.85,59.62,6.0,1.0,error,False,,
coding,5,1,185,,,61.61,56.87,70.62,9.0,6.0,fail,False,,
battle,2,1,91,95.52,77.02,,,30.9,,,,,92.65,0.91
interview,2,5,159,62.14,,,,28.87,,,,,67.54,0.66
battle,3,3,163,58.26,59.08,,,33.3,,,,,42.53,0.45
debugging,4,3,56,,,60.08,75.96,54.74,7.0,5.0,pass,True,,
interview,4,3,235,55.01,,,,56.64,,,,,54.09,0.52
battle,1,5,219,66.96,40.61,,,20.63,,,,,61.53,0.61
coding,5,2,102,,,64.23,84.51,73.8,7.0,6.0,pass,True,,
coding,5,1,144,,,62.2,88.73,73.95,11.0,9.0,pass,True,,
battle,4,6,238,71.24,37.48,,,50.57,,,,,60.26,0.7
battle,4,2,82,39.74,59.57,,,48.02,,,,,34.71,0.4
debugging,4,1,231,,,46.95,54.07,67.35,5.0,3.0,fail,False,,
interview,1,1,171,94.65,,,,10.5,,,,,87.96,0.88
battle,2,5,286,89.53,67.39,,,31.24,,,,,82.23,0.92
coding,5,6,152,,,49.45,18.62,69.72,8.0,3.0,fail,False,,
debugging,1,3,112,,,74.06,39.04,11.99,6.0,4.0,fail,False,,
battle,2,6,152,83.17,59.5,,,24.81,,,,,78.73,0.81
coding,1,5,160,,,72.44,92.19,13.6,5.0,4.0,pass,True,,
interview,4,6,37,38.42,,,,67.71,,,,,37.14,0.44
coding,1,6,160,,,59.1,47.82,9.98,8.0,5.0,fail,False,,
battle,5,6,67,65.57,56.4,,,73.49,,,,,70.39,0.69
coding,0,4,114,,,48.92,40.97,0.0,10.0,6.0,fail,False,,
debugging,0,5,62,,,52.23,44.34,5.65,12.0,7.0,fail,False,,
battle,0,5,166,67.97,44.77,,,0.0,,,,,61.21,0.67
coding,1,3,272,,,22.95,15.44,14.82,6.0,1.0,error,False,,
coding,5,1,219,,,52.82,81.21,88.45,12.0,9.0,pass,True,,
battle,0,1,70,27.8,59.7,,,1.85,,,,,25.8,0.29
coding,5,6,46,,,82.86,93.07,74.8,6.0,5.0,pass,True,,
debugging,4,5,187,,,63.13,51.13,62.94,10.0,6.0,fail,False,,
interview,0,5,103,49.69,,,,0.95,,,,,54.84,0.55
coding,1,2,115,,,20.6,17.72,14.36,14.0,3.0,error,False,,
debugging,5,6,190,,,53.24,36.99,78.08,12.0,6.0,fail,False,,
interview,3,6,196,31.83,,,,44.95,,,,,35.98,0.37
coding,2,1,231,,,56.42,46.93,38.02,14.0,9.0,fail,False,,
interview,1,1,248,53.24,,,,9.18,,,,,52.6,0.51
interview,5,3,113,54.47,,,,69.34,,,,,62.78,0.74
coding,1,6,59,,,24.48,30.66,10.28,9.0,4.0,fail,False,,
debugging,4,2,253,,,65.23,84.16,63.14,12.0,9.0,pass,True,,
coding,5,5,250,,,15.17,15.5,75.72,6.0,1.0,error,False,,
battle,1,3,60,88.1,86.45,,,8.46,,,,,90.03,0.98
battle,0,4,271,41.36,27.42,,,6.46,,,,,36.81,0.4
debugging,5,2,134,,,56.5,79.47,76.32,12.0,9.0,pass,True,,
interview,0,4,44,51.14,,,,2.31,,,,,53.81,0.54
debugging,4,5,219,,,85.42,97.14,62.88,9.0,8.0,pass,True,,
interview,5,2,245,51.78,,,,62.58,,,,,47.89,0.56
interview,0,2,80,95.19,,,,0.51,,,,,93.61,0.95
battle,3,1,299,21.1,51.15,,,46.05,,,,,38.39,0.38
coding,1,4,281,,,68.13,88.12,17.2,7.0,6.0,pass,True,,
debugging,3,2,63,,,73.19,85.67,47.5,5.0,4.0,pass,True,,
battle,4,1,53,81.43,75.37,,,73.82,,,,,81.54,0.87
debugging,1,5,177,,,35.5,37.45,19.34,9.0,5.0,fail,False,,
coding,5,6,258,,,32.39,11.61,77.7,11.0,3.0,error,False,,
interview,0,4,258,73.66,,,,2.52,,,,,68.92,0.76
coding,3,5,207,,,35.33,23.4,47.76,8.0,3.0,fail,False,,
coding,2,5,120,,,60.88,32.71,24.95,10.0,6.0,fail,False,,
interview,3,1,216,40.14,,,,36.89,,,,,36.94,0.36
battle,0,3,172,20.51,48.9,,,13.56,,,,,23.14,0.25
coding,1,4,84,,,40.17,44.46,23.69,9.0,4.0,fail,False,,
coding,5,4,182,,,82.73,85.13,76.08,9.0,7.0,pass,True,,
coding,3,5,287,,,26.79,18.18,45.81,10.0,3.0,error,False,,
coding,4,1,210,,,84.1,100.0,65.75,11.0,10.0,pass,True,,
battle,5,5,140,41.9,35.71,,,81.67,,,,,43.19,0.42
battle,3,5,70,34.26,39.96,,,39.77,,,,,44.92,0.47
battle,4,5,241,34.85,36.21,,,64.39,,,,,33.73,0.37
battle,4,4,276,62.08,37.85,,,54.08,,,,,51.66,0.59
debugging,1,6,199,,,74.18,85.64,22.43,7.0,5.0,pass,True,,
debugging,2,4,215,,,10.79,15.59,22.05,10.0,2.0,error,False,,
battle,2,1,37,29.65,49.49,,,17.97,,,,,21.84,0.23
battle,0,4,253,75.39,56.91,,,0.0,,,,,76.64,0.86
interview,2,5,200,36.11,,,,29.57,,,,,44.5,0.51
coding,1,2,86,,,61.26,84.06,13.55,11.0,9.0,pass,True,,
debugging,5,4,289,,,61.8,40.16,89.89,14.0,7.0,fail,False,,
interview,5,6,56,84.9,,,,68.77,,,,,90.88,0.93
coding,0,4,50,,,64.76,78.51,2.74,10.0,8.0,pass,True,,
battle,5,1,98,62.52,72.8,,,69.51,,,,,65.85,0.66
battle,3,4,265,80.75,65.41,,,42.47,,,,,79.27,0.87
coding,1,4,125,,,14.01,15.77,26.92,5.0,1.0,error,False,,
battle,1,4,148,28.59,57.39,,,12.4,,,,,38.78,0.43
debugging,2,6,196,,,50.28,35.43,31.34,12.0,6.0,fail,False,,
coding,4,3,58,,,57.86,32.21,55.25,9.0,6.0,fail,False,,
interview,5,2,41,69.03,,,,82.06,,,,,68.38,0.78
debugging,4,6,268,,,64.48,89.21,57.71,5.0,4.0,pass,True,,
coding,3,4,144,,,60.12,45.47,57.65,8.0,5.0,fail,False,,
coding,3,3,278,,,65.81,88.03,43.21,14.0,11.0,pass,True,,
coding,2,2,32,,,45.89,21.75,28.57,10.0,4.0,fail,False,,
battle,1,6,110,70.63,62.56,,,28.85,,,,,70.87,0.82
interview,0,5,70,69.23,,,,0.06,,,,,68.84,0.79
battle,3,2,232,61.9,65.56,,,52.95,,,,,77.99,0.75
debugging,4,3,226,,,25.67,14.24,65.09,12.0,2.0,error,False,,
battle,0,6,71,42.64,46.96,,,0.0,,,,,39.05,0.46
battle,3,3,148,86.91,76.89,,,44.47,,,,,78.82,0.78
battle,1,1,194,70.13,78.13,,,27.94,,,,,77.63,0.81
battle,1,3,100,62.43,73.29,,,16.23,,,,,65.09,0.67
battle,1,2,275,44.49,44.83,,,20.0,,,,,32.09,0.37
debugging,3,5,50,,,57.28,81.29,38.74,5.0,4.0,pass,True,,
coding,4,1,35,,,35.25,17.5,63.94,5.0,2.0,fail,False,,
coding,0,1,46,,,72.16,76.5,0.0,9.0,7.0,pass,True,,
battle,5,3,83,63.2,69.35,,,86.53,,,,,59.97,0.69
debugging,3,5,236,,,36.76,35.3,27.48,8.0,4.0,fail,False,,
debugging,0,6,241,,,41.88,32.88,0.0,8.0,4.0,fail,False,,
battle,2,6,124,57.59,39.9,,,24.4,,,,,51.83,0.54
debugging,2,5,89,,,39.56,28.83,18.76,7.0,3.0,fail,False,,
battle,4,1,188,22.89,37.37,,,51.85,,,,,25.47,0.27
interview,0,3,136,78.4,,,,0.0,,,,,81.92,0.84
debugging,0,2,90,,,29.74,17.88,0.18,7.0,2.0,error,False,,
battle,2,5,60,70.87,70.76,,,37.49,,,,,72.67,0.73
coding,3,4,241,,,43.9,31.13,48.89,6.0,2.0,fail,False,,
debugging,3,1,156,,,15.12,17.91,45.03,14.0,3.0,error,False,,
battle,2,1,259,51.4,44.71,,,11.05,,,,,55.36,0.54
battle,4,6,231,99.01,70.08,,,52.8,,,,,89.82,0.88
battle,1,6,209,93.76,64.31,,,18.42,,,,,87.06,1.0
interview,2,3,67,100.0,,,,38.38,,,,,94.05,0.95
battle,1,6,52,71.48,46.44,,,21.48,,,,,64.23,0.69
coding,3,2,85,,,52.04,42.05,40.36,14.0,8.0,fail,False,,
interview,0,1,131,37.41,,,,4.0,,,,,31.86,0.37
battle,4,3,234,45.56,57.25,,,66.21,,,,,56.66,0.56
debugging,1,1,131,,,66.66,92.31,12.05,7.0,6.0,pass,True,,
interview,5,6,94,67.87,,,,68.57,,,,,60.76,0.71
debugging,3,6,280,,,73.49,83.91,43.44,12.0,10.0,pass,True,,
coding,0,1,108,,,13.05,12.18,7.28,10.0,2.0,error,False,,
coding,2,2,289,,,35.6,17.26,23.91,8.0,3.0,fail,False,,
battle,2,4,298,81.78,49.71,,,29.61,,,,,84.49,0.81
battle,5,2,175,94.89,79.33,,,69.2,,,,,94.83,0.96
interview,1,2,84,39.71,,,,8.01,,,,,46.66,0.54
debugging,0,3,141,,,48.28,44.97,9.65,5.0,3.0,fail,False,,
coding,4,4,158,,,55.49,45.78,60.27,13.0,8.0,fail,False,,
coding,4,3,96,,,33.37,13.02,56.26,11.0,4.0,fail,False,,
coding,4,4,181,,,52.85,42.73,71.71,13.0,6.0,fail,False,,
debugging,3,5,270,,,24.55,18.7,46.28,8.0,3.0,fail,False,,
debugging,3,2,176,,,44.42,45.18,50.9,14.0,8.0,fail,False,,
debugging,5,3,79,,,19.67,16.41,66.18,8.0,2.0,error,False,,
debugging,4,4,223,,,27.68,24.19,57.16,8.0,2.0,error,False,,
coding,0,6,64,,,52.24,27.6,0.0,5.0,3.0,fail,False,,
interview,1,3,95,82.65,,,,16.88,,,,,88.3,0.93
debugging,1,4,180,,,62.96,38.39,11.86,9.0,6.0,fail,False,,
coding,4,1,275,,,86.65,84.42,52.17,7.0,6.0,pass,True,,
coding,2,4,279,,,45.36,33.86,19.69,13.0,6.0,fail,False,,
debugging,3,4,46,,,39.97,23.03,36.3,6.0,3.0,fail,False,,
debugging,3,1,141,,,47.55,42.7,46.53,10.0,6.0,fail,False,,
battle,4,2,215,64.52,52.16,,,61.83,,,,,72.14,0.75
interview,0,6,186,66.97,,,,0.0,,,,,78.86,0.79
interview,5,6,51,65.3,,,,70.28,,,,,67.37,0.66
coding,5,1,288,,,68.58,88.59,78.8,10.0,9.0,pass,True,,
coding,3,5,94,,,40.8,24.95,29.87,9.0,4.0,fail,False,,
debugging,0,2,81,,,72.09,85.91,1.26,10.0,8.0,pass,True,,
coding,2,1,70,,,46.47,42.75,25.28,6.0,3.0,fail,False,,
coding,0,4,114,,,12.06,12.25,0.0,12.0,3.0,error,False,,
interview,2,2,180,39.1,,,,32.22,,,,,31.51,0.32
debugging,1,2,197,,,84.67,98.63,5.79,8.0,7.0,pass,True,,
debugging,5,5,141,,,22.04,28.58,81.61,5.0,2.0,fail,False,,
debugging,2,2,105,,,61.07,84.31,29.41,7.0,5.0,pass,True,,
debugging,2,3,295,,,32.54,15.12,41.5,6.0,2.0,fail,False,,
coding,2,3,103,,,74.09,87.19,22.63,10.0,8.0,pass,True,,
battle,3,6,43,83.01,67.22,,,40.71,,,,,66.28,0.78
coding,1,3,261,,,71.91,78.46,18.25,14.0,10.0,pass,True,,
interview,1,5,39,66.13,,,,20.26,,,,,54.76,0.61
debugging,5,6,33,,,52.97,40.76,75.95,6.0,3.0,fail,False,,
battle,3,1,149,53.6,55.93,,,37.77,,,,,54.79,0.55
debugging,0,2,257,,,6.04,14.57,6.71,14.0,3.0,error,False,,
coding,5,5,228,,,36.75,32.42,72.73,5.0,2.0,fail,False,,
battle,0,2,35,48.35,63.35,,,3.03,,,,,49.33,0.49
interview,3,2,224,37.52,,,,32.47,,,,,33.05,0.36
coding,5,2,88,,,74.32,89.51,77.72,9.0,8.0,pass,True,,
debugging,1,5,57,,,37.07,12.73,19.99,6.0,2.0,fail,False,,
battle,5,2,205,36.31,43.55,,,83.22,,,,,33.95,0.4
debugging,0,1,223,,,61.59,49.9,15.48,10.0,7.0,fail,False,,
coding,1,2,280,,,75.1,98.31,2.06,8.0,7.0,pass,True,,
coding,1,6,190,,,47.11,49.04,24.1,7.0,4.0,fail,False,,
battle,1,4,44,62.18,68.33,,,26.04,,,,,54.65,0.57
coding,3,3,126,,,64.76,53.53,50.28,9.0,6.0,fail,False,,
battle,5,5,287,86.54,43.06,,,75.61,,,,,72.02,0.76
battle,1,3,88,98.32,73.47,,,8.1,,,,,90.42,0.9
debugging,5,1,167,,,14.02,19.73,76.28,10.0,3.0,error,False,,
coding,5,6,102,,,60.64,71.31,57.94,7.0,5.0,pass,True,,
coding,4,2,172,,,60.41,52.93,57.05,11.0,7.0,fail,False,,
debugging,2,4,272,,,34.81,15.0,28.0,7.0,2.0,error,False,,
debugging,0,2,255,,,44.46,37.17,0.0,6.0,3.0,fail,False,,
interview,0,2,94,15.6,,,,0.0,,,,,19.23,0.22
debugging,5,3,107,,,64.39,81.72,87.55,7.0,5.0,pass,True,,
coding,2,6,221,,,58.62,52.0,37.85,9.0,6.0,fail,False,,
interview,0,1,233,84.84,,,,2.7,,,,,83.85,0.83
interview,0,3,189,40.15,,,,2.98,,,,,30.75,0.3
coding,3,6,239,,,84.71,97.65,46.72,8.0,7.0,pass,True,,
coding,0,3,127,,,76.64,83.56,1.16,11.0,9.0,pass,True,,
interview,2,4,170,51.9,,,,35.63,,,,,47.13,0.54
debugging,4,6,260,,,16.55,15.72,58.19,6.0,1.0,error,False,,
coding,2,4,77,,,39.72,32.35,37.83,7.0,3.0,fail,False,,
battle,5,1,189,66.33,64.81,,,70.52,,,,,66.08,0.68
battle,4,6,146,60.2,50.09,,,45.18,,,,,48.64,0.54
debugging,3,2,208,,,99.45,100.0,44.59,11.0,10.0,pass,True,,
debugging,3,3,159,,,75.5,98.46,45.18,12.0,10.0,pass,True,,
coding,1,2,198,,,84.02,88.91,12.16,11.0,10.0,pass,True,,
debugging,3,5,280,,,14.36,7.11,46.15,5.0,1.0,error,False,,
debugging,0,5,198,,,69.22,85.59,0.0,12.0,10.0,pass,True,,
interview,4,4,241,29.43,,,,56.53,,,,,31.92,0.31
interview,5,2,164,5.43,,,,74.46,,,,,23.9,0.23
debugging,5,1,288,,,38.53,29.82,75.69,14.0,5.0,fail,False,,
battle,5,3,241,76.69,68.33,,,67.3,,,,,69.55,0.72
coding,0,6,57,,,71.28,85.44,4.75,12.0,11.0,pass,True,,
interview,2,3,36,37.21,,,,18.58,,,,,38.85,0.4
debugging,3,2,37,,,5.64,22.18,58.61,9.0,2.0,error,False,,
battle,5,1,144,87.65,91.11,,,77.72,,,,,89.61,0.88
debugging,1,5,141,,,70.97,88.25,15.44,12.0,10.0,pass,True,,
coding,5,6,135,,,12.44,37.82,71.5,5.0,2.0,fail,False,,
debugging,4,4,254,,,46.03,28.26,55.75,10.0,5.0,fail,False,,
debugging,5,1,133,,,32.32,23.51,72.78,13.0,4.0,fail,False,,
debugging,3,2,87,,,49.18,37.21,34.99,5.0,3.0,fail,False,,
interview,4,6,194,38.72,,,,56.38,,,,,33.93,0.37
battle,5,3,219,41.62,39.53,,,79.8,,,,,35.99,0.35
coding,2,2,298,,,62.45,95.72,32.44,5.0,4.0,pass,True,,
interview,4,4,136,34.74,,,,58.57,,,,,35.8,0.4
coding,1,2,283,,,35.85,27.65,24.37,5.0,2.0,fail,False,,
battle,5,5,164,47.93,49.92,,,85.3,,,,,48.86,0.51
battle,2,3,234,69.17,55.86,,,39.93,,,,,82.37,0.83
interview,0,1,118,19.25,,,,0.0,,,,,26.74,0.27
interview,0,4,86,88.06,,,,5.83,,,,,83.02,0.81
coding,1,3,54,,,6.33,24.17,16.17,10.0,2.0,error,False,,
debugging,5,5,82,,,64.57,77.21,82.37,12.0,11.0,pass,True,,
battle,5,2,33,58.03,69.59,,,67.07,,,,,57.92,0.59
battle,3,5,173,27.01,23.47,,,55.87,,,,,37.28,0.39
battle,3,1,110,65.91,80.94,,,39.86,,,,,69.04,0.74
debugging,3,4,256,,,42.18,34.61,44.68,11.0,5.0,fail,False,,
battle,2,1,194,66.27,63.1,,,24.83,,,,,69.81,0.67
battle,3,1,197,57.78,52.25,,,45.48,,,,,48.02,0.53
interview,2,5,250,73.65,,,,22.32,,,,,75.63,0.84
coding,4,1,275,,,49.2,37.65,75.63,10.0,6.0,fail,False,,
debugging,1,3,157,,,40.15,34.76,10.52,7.0,4.0,fail,False,,
battle,1,6,141,72.62,48.61,,,17.04,,,,,62.75,0.74
coding,4,1,54,,,23.22,4.17,60.64,5.0,1.0,error,False,,
coding,0,4,250,,,60.41,55.4,0.0,6.0,4.0,fail,False,,
interview,2,2,182,27.46,,,,33.94,,,,,30.08,0.31
interview,0,3,98,59.68,,,,0.0,,,,,52.18,0.5
debugging,5,3,142,,,36.59,23.28,79.92,10.0,3.0,error,False,,
coding,0,2,198,,,81.52,76.54,8.25,11.0,9.0,pass,True,,
interview,0,2,106,20.54,,,,0.0,,,,,24.52,0.27
battle,1,6,170,58.09,47.14,,,14.06,,,,,64.45,0.63
battle,0,2,149,46.49,60.26,,,0.0,,,,,40.43,0.42
interview,2,6,120,84.64,,,,27.97,,,,,79.69,0.8
debugging,1,2,243,,,45.77,48.05,11.75,14.0,7.0,fail,False,,
debugging,2,6,106,,,8.32,4.17,33.44,7.0,1.0,error,False,,
battle,2,4,271,74.25,59.32,,,12.31,,,,,69.2,0.8
debugging,1,1,156,,,87.02,97.51,10.21,10.0,9.0,pass,True,,
coding,4,5,140,,,42.2,29.08,66.21,13.0,5.0,fail,False,,
battle,4,5,240,45.89,25.83,,,57.63,,,,,36.11,0.37
battle,5,3,190,6.94,34.07,,,55.91,,,,,23.27,0.26
battle,3,5,135,31.87,18.82,,,32.66,,,,,19.93,0.21
coding,2,1,283,,,4.18,0.0,32.01,9.0,1.0,error,False,,
battle,0,1,164,47.51,54.18,,,10.94,,,,,38.62,0.38
battle,1,6,89,92.72,62.25,,,0.0,,,,,82.53,0.8
interview,0,6,197,38.53,,,,1.14,,,,,42.98,0.42
battle,2,4,240,61.23,57.37,,,37.32,,,,,66.08,0.7
debugging,5,2,135,,,15.92,19.08,80.9,8.0,2.0,error,False,,
debugging,3,6,208,,,69.7,86.87,54.43,12.0,9.0,pass,True,,
interview,1,4,160,23.43,,,,21.43,,,,,31.76,0.35
debugging,3,5,211,,,18.63,5.84,43.92,10.0,2.0,error,False,,
battle,3,4,247,65.13,47.22,,,55.29,,,,,50.65,0.57
coding,0,6,107,,,30.43,29.18,5.73,10.0,4.0,fail,False,,
interview,2,6,225,82.45,,,,27.24,,,,,73.17,0.76
coding,2,3,172,,,48.47,38.12,8.31,14.0,8.0,fail,False,,
debugging,3,2,102,,,70.82,87.31,46.83,14.0,10.0,pass,True,,
battle,1,3,174,81.76,70.95,,,23.42,,,,,84.13,0.92
interview,3,4,84,59.66,,,,41.73,,,,,62.63,0.62
debugging,0,4,33,,,55.24,34.99,5.31,14.0,9.0,fail,False,,
debugging,3,5,78,,,25.92,12.4,28.77,11.0,2.0,error,False,,
debugging,2,3,233,,,40.87,36.93,33.15,12.0,6.0,fail,False,,
debugging,1,6,169,,,43.0,41.7,17.82,6.0,3.0,fail,False,,
debugging,5,6,32,,,62.93,82.26,71.68,12.0,9.0,pass,True,,
debugging,5,3,68,,,63.19,50.95,76.99,13.0,8.0,fail,False,,
coding,5,3,184,,,73.72,93.96,67.4,13.0,12.0,pass,True,,
interview,5,5,196,84.39,,,,76.27,,,,,86.84,0.84
debugging,3,2,106,,,6.78,23.35,52.97,7.0,2.0,error,False,,
debugging,1,1,233,,,74.33,88.99,16.5,6.0,5.0,pass,True,,
battle,2,3,36,25.24,35.67,,,36.45,,,,,25.6,0.25
coding,4,5,297,,,45.42,49.84,52.05,11.0,6.0,fail,False,,
coding,0,1,144,,,61.31,94.64,1.84,11.0,8.0,pass,True,,
interview,2,6,170,79.72,,,,24.97,,,,,69.43,0.81
debugging,1,1,253,,,64.07,39.62,19.99,9.0,6.0,fail,False,,
coding,1,5,109,,,80.92,90.43,13.66,12.0,10.0,pass,True,,
debugging,3,1,102,,,28.64,14.61,39.5,12.0,2.0,error,False,,
interview,1,2,298,37.32,,,,16.29,,,,,27.23,0.32
debugging,5,6,174,,,44.33,45.5,87.84,12.0,5.0,fail,False,,
coding,4,4,150,,,50.0,38.12,60.72,11.0,6.0,fail,False,,
debugging,5,4,84,,,70.24,92.11,71.09,7.0,5.0,pass,True,,
coding,1,4,268,,,50.84,29.06,18.32,6.0,3.0,fail,False,,
interview,0,3,297,54.37,,,,0.0,,,,,47.42,0.55
coding,5,1,144,,,68.19,79.18,91.81,7.0,5.0,pass,True,,
battle,2,5,132,34.86,33.46,,,26.33,,,,,27.83,0.28
coding,0,3,197,,,39.93,13.58,0.0,11.0,4.0,fail,False,,
debugging,2,1,32,,,41.92,21.38,30.5,7.0,2.0,error,False,,
debugging,3,5,238,,,62.69,88.98,45.3,5.0,4.0,pass,True,,
debugging,4,3,239,,,67.21,46.91,53.9,13.0,8.0,fail,False,,
debugging,0,5,119,,,93.96,95.33,0.0,9.0,8.0,pass,True,,
coding,1,5,90,,,81.99,100.0,5.53,12.0,11.0,pass,True,,
debugging,2,2,182,,,25.98,24.59,23.79,8.0,3.0,fail,False,,
coding,1,5,261,,,27.85,27.44,15.08,5.0,2.0,fail,False,,
battle,3,2,162,23.98,52.05,,,47.08,,,,,29.09,0.29
battle,1,3,242,94.2,75.06,,,17.55,,,,,80.39,0.94
interview,1,4,217,44.01,,,,22.97,,,,,48.93,0.51
interview,0,2,253,19.12,,,,0.0,,,,,19.66,0.21
battle,0,1,139,28.21,51.93,,,0.0,,,,,34.75,0.39
coding,2,3,290,,,34.75,37.58,32.52,8.0,3.0,fail,False,,
interview,4,1,160,48.58,,,,57.78,,,,,42.05,0.43
coding,0,6,143,,,44.86,25.97,0.0,8.0,4.0,fail,False,,
debugging,4,4,179,,,52.74,38.87,53.5,10.0,5.0,fail,False,,
debugging,4,4,275,,,60.84,38.41,41.09,9.0,5.0,fail,False,,
battle,0,2,166,41.61,46.24,,,3.69,,,,,42.28,0.46
interview,5,2,237,56.71,,,,77.66,,,,,61.16,0.62
debugging,3,1,138,,,72.11,78.66,48.75,13.0,11.0,pass,True,,
coding,5,6,245,,,36.51,28.62,74.64,13.0,6.0,fail,False,,
debugging,0,1,291,,,18.36,18.88,0.0,5.0,1.0,error,False,,
coding,3,6,156,,,32.35,21.67,45.11,6.0,2.0,fail,False,,
debugging,1,5,243,,,28.05,27.51,13.73,8.0,3.0,fail,False,,
interview,2,5,261,68.46,,,,31.59,,,,,59.78,0.59
coding,2,5,122,,,31.64,30.8,35.43,13.0,5.0,fail,False,,
interview,5,6,36,76.7,,,,77.94,,,,,71.19,0.77
interview,3,4,169,31.37,,,,51.37,,,,,26.08,0.25
battle,4,4,272,47.25,39.63,,,48.08,,,,,54.48,0.57
interview,4,1,236,56.93,,,,64.17,,,,,60.5,0.68
debugging,1,6,136,,,64.25,88.83,20.68,9.0,7.0,pass,True,,
coding,5,5,36,,,46.15,40.0,84.59,14.0,9.0,fail,False,,
interview,0,6,72,100.0,,,,0.0,,,,,100.0,0.99
battle,2,4,49,60.04,78.03,,,22.17,,,,,55.46,0.63
debugging,1,2,263,,,56.79,39.33,20.05,8.0,5.0,fail,False,,
interview,3,1,244,71.55,,,,42.06,,,,,67.44,0.77
coding,5,3,257,,,28.94,27.64,74.09,7.0,2.0,error,False,,
debugging,4,6,218,,,48.95,26.87,57.61,8.0,4.0,fail,False,,
coding,3,2,171,,,45.05,30.54,34.87,5.0,3.0,fail,False,,
coding,3,3,91,,,29.76,29.88,62.66,12.0,5.0,fail,False,,
interview,0,3,127,100.0,,,,0.0,,,,,90.62,0.99
coding,0,5,209,,,63.22,28.35,4.64,6.0,3.0,fail,False,,
battle,4,1,214,56.24,70.11,,,60.94,,,,,54.05,0.63
battle,0,5,167,51.83,41.57,,,0.0,,,,,51.5,0.55
interview,2,1,187,54.32,,,,30.86,,,,,60.79,0.59
interview,5,5,109,84.93,,,,71.57,,,,,76.83,0.81
coding,5,3,112,,,61.45,41.22,66.8,11.0,6.0,fail,False,,
coding,5,4,132,,,65.85,89.62,79.72,11.0,8.0,pass,True,,
interview,3,5,194,98.96,,,,50.87,,,,,87.29,0.9
coding,4,2,91,,,52.44,28.47,57.9,9.0,4.0,fail,False,,
interview,5,3,50,48.25,,,,68.83,,,,,52.31,0.53
battle,4,6,175,49.26,46.05,,,53.27,,,,,46.75,0.47
interview,1,3,185,64.05,,,,13.45,,,,,60.76,0.6
battle,3,6,183,68.55,50.06,,,48.92,,,,,59.92,0.61
battle,1,2,148,64.03,72.2,,,10.76,,,,,73.14,0.77
coding,2,1,81,,,61.5,48.94,31.59,11.0,7.0,fail,False,,
battle,4,3,280,77.83,64.65,,,55.23,,,,,76.44,0.77
debugging,5,5,174,,,67.99,48.72,72.96,9.0,6.0,fail,False,,
debugging,5,5,205,,,7.43,4.08,71.73,7.0,1.0,error,False,,
debugging,3,1,50,,,50.97,40.19,57.21,14.0,7.0,fail,False,,
debugging,4,4,49,,,63.22,37.68,61.39,12.0,8.0,fail,False,,
interview,0,2,249,79.84,,,,0.0,,,,,81.06,0.89
coding,4,4,231,,,14.87,10.84,53.78,6.0,1.0,error,False,,
interview,3,5,243,58.82,,,,51.11,,,,,53.47,0.56
coding,4,4,100,,,70.32,52.13,64.52,6.0,4.0,fail,False,,
interview,4,1,234,67.59,,,,51.83,,,,,71.52,0.74
debugging,5,4,231,,,28.63,9.55,75.86,10.0,3.0,error,False,,
battle,0,2,171,72.06,71.03,,,4.77,,,,,74.5,0.72
interview,3,4,93,27.94,,,,51.31,,,,,27.53,0.3
coding,4,4,193,,,42.82,50.24,55.72,13.0,7.0,fail,False,,
coding,4,3,107,,,63.81,86.62,61.58,12.0,10.0,pass,True,,
battle,5,3,258,77.73,56.72,,,69.11,,,,,75.08,0.74
battle,4,6,247,90.54,53.05,,,62.07,,,,,81.29,0.88
coding,4,6,187,,,77.47,80.89,53.76,8.0,6.0,pass,True,,
battle,0,1,160,55.09,54.28,,,0.0,,,,,51.98,0.52
interview,1,6,45,55.96,,,,18.46,,,,,56.34,0.65
debugging,2,3,243,,,86.81,100.0,25.68,13.0,12.0,pass,True,,
interview,2,6,172,35.89,,,,43.13,,,,,34.98,0.35
debugging,4,1,127,,,38.9,35.06,57.94,12.0,5.0,fail,False,,
coding,2,5,294,,,88.63,95.28,20.77,9.0,8.0,pass,True,,
interview,0,1,262,3.21,,,,6.87,,,,,19.06,0.22
battle,2,6,246,39.27,38.56,,,28.79,,,,,45.95,0.48
battle,2,6,192,60.57,38.44,,,33.17,,,,,57.67,0.58
interview,1,1,30,56.2,,,,12.98,,,,,59.02,0.66
interview,1,5,62,100.0,,,,7.97,,,,,99.11,0.96
debugging,4,4,167,,,82.71,100.0,55.83,12.0,11.0,pass,True,,
interview,5,4,205,42.66,,,,76.45,,,,,28.25,0.3
debugging,2,6,147,,,43.3,53.06,39.05,14.0,7.0,fail,False,,
interview,3,5,93,34.04,,,,47.77,,,,,36.35,0.38
interview,3,4,142,77.06,,,,47.97,,,,,81.98,0.8
coding,1,6,89,,,17.62,24.73,22.38,14.0,3.0,error,False,,
coding,2,4,87,,,61.0,48.11,43.66,5.0,3.0,fail,False,,
battle,5,6,255,78.73,66.07,,,68.4,,,,,84.87,0.86
interview,0,5,41,85.16,,,,0.0,,,,,83.98,0.81
debugging,1,1,282,,,51.31,82.23,10.47,14.0,11.0,pass,True,,
battle,0,5,82,46.98,44.36,,,0.0,,,,,58.59,0.62
battle,2,5,112,60.96,65.27,,,29.55,,,,,67.04,0.67
debugging,1,2,237,,,10.98,13.27,21.3,11.0,2.0,error,False,,
battle,0,2,109,54.44,52.33,,,10.81,,,,,51.32,0.54
debugging,4,6,153,,,35.85,33.73,53.24,13.0,6.0,fail,False,,
interview,5,4,188,36.83,,,,65.12,,,,,33.71,0.38
interview,4,3,270,31.87,,,,50.92,,,,,23.55,0.25
debugging,3,2,73,,,90.28,91.31,45.86,13.0,12.0,pass,True,,
debugging,2,3,82,,,69.14,83.42,39.69,5.0,4.0,pass,True,,
interview,0,2,269,79.25,,,,0.0,,,,,75.91,0.84
debugging,4,1,122,,,72.03,100.0,56.35,9.0,8.0,pass,True,,
coding,0,2,288,,,48.62,59.04,0.0,8.0,5.0,fail,False,,
interview,0,6,299,53.76,,,,0.0,,,,,62.17,0.69
coding,1,1,181,,,51.12,35.04,23.86,10.0,6.0,fail,False,,
battle,1,5,87,60.32,53.49,,,4.32,,,,,49.36,0.52
battle,5,1,286,74.83,55.8,,,72.36,,,,,66.72,0.72
interview,5,5,140,49.12,,,,64.13,,,,,49.58,0.51
battle,3,5,269,23.28,29.88,,,39.04,,,,,18.56,0.21
battle,3,1,65,47.17,64.2,,,39.49,,,,,44.25,0.5
interview,0,2,220,67.73,,,,11.73,,,,,63.07,0.62
debugging,0,5,212,,,35.45,19.58,0.0,11.0,3.0,error,False,,
debugging,0,2,67,,,61.57,54.04,1.8,10.0,7.0,fail,False,,
coding,5,1,137,,,21.28,11.68,73.83,11.0,2.0,error,False,,
coding,2,1,133,,,50.45,54.12,37.79,7.0,4.0,fail,False,,
debugging,0,1,167,,,21.56,15.2,5.23,8.0,2.0,error,False,,
battle,0,3,120,81.93,60.15,,,5.04,,,,,66.24,0.77
battle,4,5,231,40.33,35.47,,,47.71,,,,,35.93,0.39
debugging,2,1,287,,,61.8,69.47,40.46,14.0,10.0,pass,True,,
debugging,1,3,157,,,60.64,42.08,0.0,11.0,7.0,fail,False,,
interview,2,3,84,19.99,,,,34.91,,,,,21.84,0.23
coding,2,1,59,,,95.88,100.0,23.84,11.0,10.0,pass,True,,
interview,3,4,110,55.96,,,,33.75,,,,,66.05,0.63
interview,0,6,203,56.8,,,,0.36,,,,,63.81,0.68
battle,1,6,96,55.85,54.65,,,1.09,,,,,58.61,0.65
coding,1,1,252,,,90.6,100.0,17.12,14.0,13.0,pass,True,,
interview,3,1,42,72.21,,,,50.46,,,,,70.26,0.7
debugging,4,4,146,,,60.72,41.41,63.83,14.0,8.0,fail,False,,
interview,3,3,42,37.61,,,,42.51,,,,,33.65,0.35
battle,5,2,293,84.52,61.65,,,66.0,,,,,86.97,0.85
debugging,2,1,298,,,39.67,33.92,31.61,11.0,6.0,fail,False,,
battle,4,5,124,100.0,70.95,,,53.36,,,,,95.66,0.97
coding,0,5,261,,,85.5,87.24,0.0,13.0,11.0,pass,True,,
debugging,0,4,142,,,60.11,37.89,0.0,10.0,6.0,fail,False,,
battle,1,3,38,31.46,44.53,,,19.06,,,,,25.68,0.25
coding,2,4,115,,,22.69,15.78,34.92,10.0,2.0,error,False,,
battle,2,2,93,58.43,62.49,,,37.02,,,,,64.23,0.68
battle,0,6,285,73.7,41.53,,,10.31,,,,,72.18,0.8
battle,2,1,231,91.01,67.2,,,37.78,,,,,96.24,0.93
battle,5,1,83,69.31,80.85,,,76.02,,,,,58.84,0.67
debugging,4,3,42,,,44.07,40.83,61.91,12.0,7.0,fail,False,,
coding,1,1,190,,,38.3,48.54,10.47,9.0,6.0,fail,False,,
interview,0,2,73,87.06,,,,7.89,,,,,75.29,0.77
coding,2,3,30,,,44.45,30.61,43.23,14.0,6.0,fail,False,,
battle,1,2,124,75.07,83.27,,,18.04,,,,,67.23,0.71
battle,5,2,78,68.4,53.82,,,59.4,,,,,53.3,0.57
coding,1,3,256,,,43.47,47.63,16.7,9.0,5.0,fail,False,,
debugging,3,6,85,,,78.87,86.82,51.1,10.0,9.0,pass,True,,
interview,3,4,240,70.29,,,,56.86,,,,,86.8,0.87
battle,3,2,78,92.32,88.72,,,35.8,,,,,96.26,0.95
interview,0,3,162,36.93,,,,4.21,,,,,32.0,0.36
battle,4,4,202,63.86,61.17,,,65.23,,,,,72.7,0.77
interview,1,1,39,47.85,,,,22.54,,,,,59.09,0.57
coding,0,1,38,,,75.25,72.64,0.0,9.0,7.0,pass,True,,
coding,1,5,181,,,30.4,22.06,20.18,7.0,2.0,error,False,,
battle,0,3,105,81.27,78.51,,,0.0,,,,,65.65,0.72
coding,2,6,84,,,23.54,17.23,30.01,7.0,2.0,error,False,,
coding,1,3,181,,,71.33,79.15,14.47,5.0,4.0,pass,True,,
interview,4,4,102,40.23,,,,62.58,,,,,22.31,0.23
interview,1,2,39,93.52,,,,8.08,,,,,86.62,0.9
debugging,0,4,238,,,68.18,83.33,0.0,8.0,6.0,pass,True,,
debugging,4,6,79,,,56.13,29.96,43.49,6.0,3.0,fail,False,,
interview,5,5,56,26.5,,,,71.22,,,,,23.71,0.28
battle,3,3,96,71.71,72.93,,,51.9,,,,,69.49,0.76
interview,5,6,36,53.09,,,,80.41,,,,,54.83,0.56
coding,1,2,126,,,77.77,93.94,26.49,13.0,11.0,pass,True,,
coding,5,5,79,,,34.91,25.84,76.98,11.0,5.0,fail,False,,
debugging,2,2,110,,,63.82,85.92,43.73,11.0,9.0,pass,True,,
debugging,0,5,32,,,27.8,28.59,6.75,7.0,2.0,error,False,,
battle,5,6,91,66.74,53.86,,,85.73,,,,,64.99,0.76
interview,3,5,140,79.8,,,,49.96,,,,,77.52,0.78
coding,0,3,263,,,29.72,24.44,2.16,10.0,3.0,error,False,,
interview,3,5,68,32.1,,,,48.45,,,,,30.54,0.35
battle,4,3,140,79.28,64.39,,,67.93,,,,,64.9,0.71
debugging,3,6,42,,,22.69,27.17,37.37,11.0,4.0,fail,False,,
battle,5,1,223,27.83,41.0,,,62.55,,,,,33.64,0.33
battle,0,5,112,59.81,52.13,,,0.0,,,,,55.64,0.55
battle,1,6,280,46.17,47.51,,,18.24,,,,,39.48,0.46
coding,3,2,173,,,20.76,0.0,37.36,8.0,1.0,error,False,,
debugging,3,5,299,,,28.72,26.35,45.21,5.0,2.0,fail,False,,
battle,4,5,132,68.37,49.23,,,74.25,,,,,58.76,0.59
debugging,5,4,285,,,27.54,22.11,86.21,13.0,4.0,fail,False,,
interview,1,4,282,37.57,,,,12.5,,,,,41.15,0.4
interview,4,4,193,62.48,,,,49.27,,,,,67.01,0.66
battle,5,5,74,49.6,58.86,,,70.25,,,,,58.21,0.64
interview,1,2,96,28.44,,,,14.53,,,,,27.75,0.31
battle,0,2,57,44.78,68.31,,,2.08,,,,,49.66,0.55
interview,1,6,259,97.86,,,,14.33,,,,,85.0,0.82
debugging,3,5,150,,,41.71,15.19,41.0,6.0,2.0,fail,False,,
debugging,0,4,287,,,94.34,93.77,9.85,10.0,9.0,pass,True,,
battle,5,5,145,80.01,69.35,,,76.18,,,,,80.96,0.88
coding,5,5,291,,,22.11,10.35,86.11,7.0,1.0,error,False,,
interview,1,2,253,100.0,,,,22.14,,,,,91.25,0.91
interview,0,3,60,47.01,,,,1.67,,,,,33.04,0.37
debugging,2,6,231,,,40.66,34.35,26.68,13.0,6.0,fail,False,,
battle,5,5,106,90.31,75.99,,,75.19,,,,,92.39,0.97
interview,5,1,96,75.26,,,,88.3,,,,,71.75,0.8
battle,5,2,268,84.86,58.91,,,74.17,,,,,90.05,0.9
debugging,1,3,284,,,88.27,81.69,8.56,8.0,7.0,pass,True,,
debugging,2,3,40,,,54.1,49.41,40.56,14.0,8.0,fail,False,,
battle,0,3,54,92.06,93.1,,,4.56,,,,,91.3,0.99
interview,1,2,71,58.26,,,,27.51,,,,,72.89,0.7
debugging,3,6,236,,,75.53,93.36,48.43,6.0,5.0,pass,True,,
interview,5,1,50,19.26,,,,60.82,,,,,24.6,0.26
battle,4,5,250,76.56,61.3,,,54.37,,,,,74.65,0.77
coding,3,3,216,,,48.9,44.93,45.67,11.0,7.0,fail,False,,
battle,0,5,59,48.34,53.28,,,0.0,,,,,58.32,0.58
interview,3,1,241,32.07,,,,36.03,,,,,39.35,0.39
battle,5,3,285,55.99,46.02,,,80.19,,,,,61.51,0.64
debugging,1,3,142,,,75.63,93.31,19.69,12.0,11.0,pass,True,,
debugging,1,2,254,,,29.1,26.13,14.14,5.0,2.0,fail,False,,
interview,5,2,93,94.87,,,,74.79,,,,,86.61,0.98
coding,2,6,66,,,57.69,39.12,30.27,6.0,4.0,fail,False,,
battle,5,5,116,79.12,63.45,,,77.01,,,,,65.72,0.72
battle,2,6,247,73.54,50.8,,,37.72,,,,,61.9,0.72
coding,4,1,249,,,67.11,86.22,64.03,8.0,7.0,pass,True,,
debugging,3,2,233,,,38.95,22.23,41.05,10.0,4.0,fail,False,,
debugging,1,2,93,,,79.38,96.88,13.11,9.0,8.0,pass,True,,
battle,4,1,94,44.37,68.44,,,62.05,,,,,46.3,0.48
interview,5,4,119,41.63,,,,64.77,,,,,35.78,0.38
battle,4,4,86,24.75,37.54,,,63.06,,,,,24.7,0.29
coding,5,1,34,,,51.18,48.73,76.83,9.0,6.0,fail,False,,
interview,5,5,255,84.22,,,,73.75,,,,,95.79,0.95
coding,3,1,67,,,15.5,24.04,51.83,8.0,2.0,error,False,,
interview,4,3,103,89.09,,,,69.7,,,,,76.35,0.89
coding,5,6,44,,,78.22,74.43,79.53,5.0,4.0,pass,True,,
debugging,5,5,199,,,88.17,88.53,69.38,8.0,7.0,pass,True,,
debugging,0,3,208,,,69.89,57.48,1.56,13.0,9.0,fail,False,,
interview,1,6,64,74.7,,,,15.67,,,,,68.41,0.75
coding,1,1,42,,,26.02,15.86,21.5,14.0,5.0,fail,False,,
battle,5,4,98,70.72,69.06,,,75.91,,,,,65.34,0.67
coding,1,2,140,,,20.51,19.6,17.76,5.0,1.0,error,False,,
battle,1,3,251,76.31,47.7,,,6.53,,,,,65.35,0.7
debugging,5,2,260,,,60.95,84.01,66.82,11.0,9.0,pass,True,,
interview,5,6,55,80.14,,,,81.03,,,,,70.37,0.78
battle,2,4,165,90.0,71.92,,,31.62,,,,,82.95,0.92
coding,2,1,158,,,35.74,7.83,18.77,6.0,2.0,fail,False,,
coding,2,1,236,,,69.65,67.57,35.72,12.0,9.0,pass,True,,
coding,4,4,145,,,61.19,53.63,52.81,6.0,4.0,fail,False,,
interview,5,4,187,31.02,,,,75.12,,,,,23.82,0.25
debugging,3,1,59,,,35.7,26.7,41.98,5.0,2.0,fail,False,,
battle,2,2,109,66.39,57.66,,,25.44,,,,,67.13,0.67
coding,4,6,124,,,70.99,87.6,47.61,5.0,4.0,pass,True,,
debugging,1,2,182,,,74.1,80.12,7.34,12.0,10.0,pass,True,,
debugging,5,2,60,,,51.76,33.56,84.13,10.0,6.0,fail,False,,
coding,3,6,178,,,68.78,54.23,43.74,10.0,7.0,fail,False,,
debugging,4,2,51,,,56.82,42.31,57.19,12.0,8.0,fail,False,,
coding,1,2,296,,,64.62,100.0,15.75,10.0,9.0,pass,True,,
battle,5,1,239,35.0,44.49,,,80.04,,,,,26.99,0.26
battle,0,5,143,49.18,52.12,,,0.0,,,,,43.27,0.44
coding,4,4,196,,,42.41,40.59,67.31,8.0,4.0,fail,False,,
